78,98,72,73,99,126,93,92
66,90,64,69,98,113,82,81
62,79,62,67,91,97,75,80
55,74,58,64,80,82,58,60
52,232,95,63,73,177,55,61
55,306,97,56,67,238,105,72
70,313,100,55,60,244,105,73
68,316,98,53,58,245,105,69
74,319,102,57,60,247,111,70
72,236,67,65,68,188,109,73
67,124,53,62,66,93,62,64
52,97,50,64,70,76,60,64
51,83,49,66,74,69,61,65
44,65,40,66,75,63,51,64
47,60,37,59,64,55,47,56
45,57,42,64,71,51,42,48
44,57,41,64,72,53,45,46
44,58,44,62,71,48,47,47
42,55,43,62,71,44,44,48
41,43,44,59,74,48,45,48
44,44,42,53,70,49,46,49
43,43,41,49,64,52,43,50
41,41,40,51,67,54,38,48
40,39,41,50,68,60,43,47
43,47,42,53,69,55,43,48
43,49,41,56,71,54,45,44
47,48,41,59,78,48,48,42
46,47,36,59,77,48,50,40
51,53,36,60,76,50,45,44
52,47,36,61,75,46,46,41
49,44,38,59,73,50,47,40
50,45,39,54,63,49,44,35
52,48,41,51,60,49,43,33
50,42,43,50,60,42,49,25
45,42,42,49,64,46,47,28
43,43,41,49,61,47,46,34
37,44,46,53,67,47,45,40
39,51,47,56,67,49,45,42
39,52,46,61,68,52,42,45
41,53,45,59,61,51,43,48
43,58,45,58,65,47,43,45
43,58,39,59,58,51,42,42
41,50,39,55,62,48,42,43
36,47,39,50,67,47,43,40
35,48,46,53,68,45,42,35
36,47,47,57,65,45,46,37
39,47,47,56,64,40,48,38
40,49,47,58,63,38,51,42
43,51,49,61,67,36,50,44
44,50,43,57,68,41,49,45
43,46,41,55,67,42,48,50
43,109,49,52,69,66,49,47
56,139,50,54,75,82,49,44
70,151,78,51,86,126,50,44
76,153,83,57,97,125,49,52
82,156,84,55,106,130,47,50
82,123,79,57,107,124,43,51
73,87,80,57,104,114,44,49
60,65,54,60,92,63,43,52
56,104,51,68,92,66,48,48
53,125,52,74,90,73,53,47
54,136,53,81,93,70,60,52
61,151,57,83,98,121,64,55
70,158,60,93,112,186,69,63
74,149,64,96,115,195,78,70
78,133,64,99,120,196,83,74
85,126,66,106,121,200,86,74
81,108,63,109,120,190,86,76
73,97,60,101,110,144,82,69
69,78,54,96,103,134,76,57
61,73,51,90,91,130,68,52
48,63,51,78,87,124,62,48
52,74,52,72,82,104,55,43
51,77,52,71,78,79,53,39
49,73,52,61,69,77,50,41
50,74,55,67,133,195,73,59
66,450,209,82,157,246,131,107
114,554,242,107,180,309,169,167
130,555,245,108,185,320,178,180
137,560,248,112,185,331,179,182
141,568,253,112,157,284,171,182
144,362,179,103,171,250,131,173
113,180,140,74,159,177,89,131
95,189,151,161,227,260,74,122
90,201,147,230,249,286,70,127
92,250,137,235,257,287,69,124
77,244,104,237,248,282,70,106
72,233,94,243,246,282,54,89
74,220,65,198,236,242,49,83
321,231,127,113,240,246,114,358
340,178,154,112,383,507,211,407
420,495,185,116,412,616,229,454
434,656,203,113,462,660,238,464
471,828,260,348,582,823,256,473
370,940,296,373,712,997,259,327
470,1124,295,378,682,956,196,272
427,1088,287,396,707,931,184,191
438,1098,279,404,705,955,184,187
432,1058,226,239,604,855,168,181
418,963,143,200,441,641,128,172
368,821,365,316,486,844,178,207
483,886,398,327,532,890,231,351
487,969,432,513,629,907,285,353
460,958,443,522,640,902,306,357
487,1011,460,541,651,899,318,362
443,1016,348,485,581,632,295,340
290,916,309,467,484,501,254,193
257,724,267,270,294,362,182,177
253,648,257,571,262,286,131,147
196,617,231,779,226,318,122,126
141,528,162,911,210,302,106,119
116,488,139,989,204,316,100,98
85,453,113,998,199,304,97,86
97,427,111,892,181,276,98,81
93,339,95,728,183,226,72,83
95,292,92,571,186,298,73,91
130,353,112,428,174,289,73,107
144,391,132,497,169,284,76,111
140,422,184,852,168,280,81,118
137,437,197,979,312,380,87,137
138,480,202,1055,339,391,99,180
149,467,233,1256,358,418,119,558
146,429,233,1298,358,428,276,692
145,400,190,1105,355,431,361,1042
150,365,178,1031,233,396,409,1170
149,301,170,989,186,596,711,1283
140,323,138,850,138,744,931,1199
143,486,133,1048,145,826,1056,1135
137,488,131,1228,132,862,1198,827
131,493,132,1284,114,845,1335,689
127,487,132,1295,115,700,1298,461
85,446,106,1273,117,538,1207,696
46,250,92,1100,115,447,1183,857
46,207,90,996,109,387,1084,892
49,189,88,1100,108,384,999,999
62,185,87,1137,100,388,963,1054
66,151,75,1112,96,361,916,924
73,159,65,1069,52,282,791,824
80,179,62,1008,54,247,869,841
83,193,53,805,51,218,833,770
78,190,49,745,53,159,818,711
79,203,141,709,102,202,991,1081
75,193,146,1083,120,217,1155,1332
67,165,158,1063,139,292,1123,1598
66,150,164,1064,169,381,1102,1677
67,138,165,1043,251,385,1055,1733
62,370,103,1065,347,375,936,1553
59,760,96,1039,365,366,727,1330
64,958,73,1240,409,309,571,1121
61,1137,62,1487,426,188,500,1011
59,1340,64,1586,409,161,453,989
59,1319,66,1717,336,92,289,960
67,1236,75,1561,318,100,226,1112
62,1173,79,1471,261,109,339,1139
61,1140,82,1247,216,124,546,1154
71,983,93,1158,211,134,838,1215
133,1104,95,919,232,142,986,1307
131,1212,350,966,246,146,1131,1372
137,1208,765,982,372,191,1188,1402
659,1190,945,1168,500,203,1123,1429
903,1213,1073,1187,595,211,927,1329
977,1101,1153,1457,765,208,768,1312
1043,862,1129,1373,878,202,627,1279
1063,796,908,1276,913,153,740,1268
855,841,723,1157,1206,125,914,1225
598,984,513,1124,1294,97,1169,1223
623,1057,398,816,1351,94,1493,1106
750,1077,719,1084,1458,108,1617,883
948,1058,957,1249,1533,339,1546,558
1186,891,1270,1219,1322,424,1442,345
1416,557,1529,1254,1394,582,1244,224
1423,316,1608,1395,1465,667,826,169
1338,213,1502,1232,1502,719,417,125
1430,138,1366,1238,1428,783,202,78
1408,668,1079,1258,1488,835,109,67
1182,940,664,1364,1480,879,373,421
1137,1107,525,1453,1407,1015,869,817
1355,1466,779,1622,1327,1157,1252,988
1415,1668,1111,1623,1434,1261,1485,1164
1496,1693,1227,1601,1377,1296,1538,1218
1542,1635,1290,1587,1281,1297,1501,1154
1534,1586,1313,1409,1324,1282,1356,919
1439,1496,1229,1263,1344,1303,1123,957
1229,1427,1122,1243,1286,1283,968,1026
1047,1477,1246,1378,1445,1255,1082,1075
1032,1423,1339,1377,1443,1330,1210,1296
1117,1488,1387,1442,1366,1308,1272,1510
1053,1402,1434,1408,1343,1253,1267,1608
1137,1362,1400,1402,1365,1195,1285,1534
1084,1227,1344,1373,1314,1305,1283,1666
1205,1288,1393,1322,1289,1302,1215,1652
1241,1373,1363,1308,1300,1342,1162,1536
1225,1286,1353,1356,1311,1341,1113,1399
1134,1298,1346,1312,1281,1363,1092,1396
1224,1319,1318,1213,1216,1266,1008,1292
1211,1290,1230,1174,1299,1254,1021,1169
1184,1225,1190,1116,1324,1238,1049,1129
1215,1343,1211,1064,1391,1252,1071,1078
1254,1373,1194,1169,1377,1241,985,1051
1275,1297,1139,1276,1351,1320,1115,929
1246,1371,1193,1251,1328,1300,1085,974
1311,1380,1255,1271,1326,1234,1086,974
1323,1363,1201,1360,1239,1162,1083,975
1390,1235,1175,1304,1281,1173,1074,923
1323,1331,1162,1197,1273,1160,966,1018
1291,1270,1148,1232,1212,1200,1044,980
1242,1150,1196,1269,1193,1268,1068,1043
1280,1125,1192,1229,1105,1248,1122,1086
1182,1114,1260,1124,1123,1155,1090,1148
1151,1010,1358,1192,1141,1134,1091,1069
1173,1081,1393,1157,1186,1068,1018,1145
1109,1132,1399,1176,1163,1022,889,1114
1121,1041,1460,1173,1257,1119,739,1139
1206,1126,1492,1180,1335,1226,721,1112
1300,1126,1396,1210,1345,1216,910,1212
1282,1139,1295,1266,1366,1194,1115,1299
1346,1116,1190,1168,1362,1193,1235,1346
1279,1183,1196,1232,1258,1116,1359,1364
1197,1114,1110,1245,1023,997,1391,1353
1222,1098,1294,1099,947,855,1316,1352
1290,937,1371,998,824,743,1139,1145
1160,822,1374,925,697,597,964,1000
1081,603,1228,649,679,533,769,801
966,515,1133,507,716,466,702,697
684,324,827,451,661,478,355,344
278,233,536,410,628,418,193,203
227,142,728,430,707,385,162,170
143,137,908,488,649,288,132,128
117,125,1128,504,575,231,91,85
108,159,1222,502,548,147,63,69
102,153,1240,492,475,125,63,64
82,178,1058,418,216,94,62,50
82,175,947,338,173,82,61,45
68,181,674,299,128,67,69,42
63,141,482,268,119,50,130,45
78,137,387,160,107,63,169,42
82,107,373,138,102,56,175,44
83,97,214,98,102,56,176,39
88,82,149,84,107,56,175,41
82,80,141,64,102,58,132,36
64,72,129,59,83,42,75,34
57,57,95,49,74,39,62,37
54,49,80,52,73,390,58,39
43,44,75,51,77,804,56,39
42,41,63,56,97,942,63,38
49,41,61,58,162,1018,171,39
56,39,126,65,233,1056,655,37
62,59,254,60,348,1006,723,39
67,449,289,70,409,799,754,554
130,700,331,82,552,723,959,910
171,751,335,88,559,688,1015,1167
178,754,317,88,565,741,922,1225
387,757,233,105,522,809,907,1246
460,625,195,108,520,767,1130,1204
448,328,127,101,396,732,1035,1030
442,186,127,102,405,689,986,920
451,174,123,103,394,598,890,977
389,160,115,85,425,553,952,990
346,103,107,85,390,718,735,888
506,71,86,79,430,796,672,849
763,101,85,86,453,853,953,708
794,105,95,81,539,858,1168,655
770,99,94,80,535,816,1092,605
760,100,90,103,526,636,1044,597
670,100,89,118,469,466,1020,544
341,74,73,115,411,294,749,449
240,70,59,151,240,207,290,170
173,64,55,158,122,122,374,123
124,62,55,142,88,131,361,109
84,74,64,130,72,160,369,90
77,81,64,124,65,154,356,70
74,78,57,78,61,153,335,48
55,76,55,65,59,139,215,47
40,75,53,54,52,120,160,46
35,61,43,49,51,66,110,38
25,44,41,44,61,54,95,42
35,39,40,42,68,54,63,43
34,43,42,44,69,52,59,50
35,47,42,46,75,48,52,57
38,49,41,48,73,38,52,64
43,49,42,48,75,42,51,60
44,49,40,52,79,41,54,62
48,50,37,46,80,40,49,56
48,44,35,42,83,41,53,63
48,45,39,41,96,42,56,60
50,45,35,41,90,36,54,68
43,46,36,40,83,37,52,77
39,45,40,40,92,37,48,81
39,48,42,39,93,60,43,71
38,46,36,41,83,67,40,70
37,45,36,41,93,67,44,66
41,43,34,39,92,68,46,55
44,42,31,42,84,68,48,53
44,39,29,41,70,47,132,56
46,39,32,40,67,38,138,55
41,35,33,41,61,38,140,55
59,47,34,43,64,37,140,81
60,45,32,41,71,100,141,83
62,46,41,43,77,254,67,84
62,46,39,46,83,264,52,84
62,47,37,45,76,267,44,79
41,31,37,44,75,270,43,55
38,33,37,49,68,256,39,48
35,31,27,50,70,107,39,51
29,31,27,48,68,77,42,53
28,30,30,51,69,68,41,61
26,30,27,51,67,57,40,56
25,27,27,45,61,45,41,58
24,27,28,45,68,45,38,51
25,25,31,52,68,44,38,61
29,27,33,49,67,39,39,56
29,27,37,45,68,40,41,65
29,26,38,45,70,41,39,62
29,27,41,44,62,41,42,69
29,27,43,33,55,43,38,58
23,28,42,32,55,45,38,55
24,28,40,40,54,46,33,42
28,36,45,45,54,49,35,44
30,38,41,46,42,48,38,34
48,42,39,46,46,46,44,43
108,41,42,49,44,46,85,99
269,68,56,51,47,51,111,163
336,99,63,64,72,56,136,251
460,137,91,70,100,69,161,340
609,171,101,85,109,115,188,508
637,177,103,100,121,250,186,510
768,185,111,134,144,335,234,584
776,203,119,172,178,415,248,587
815,246,149,243,258,693,294,650
771,243,148,284,282,737,326,592
839,299,169,334,291,713,397,625
798,308,186,346,292,682,413,626
820,305,190,361,282,645,453,659
864,278,186,372,264,337,453,660
963,292,192,366,271,217,445,662
946,266,205,374,265,186,423,753
885,256,183,359,256,174,387,706
872,236,173,329,252,138,336,695
786,216,149,288,195,121,287,621
636,185,144,265,169,107,256,584
634,142,122,199,176,105,187,424
597,122,129,204,176,90,168,397
604,137,140,236,191,93,152,321
564,135,133,210,186,96,179,328
566,127,125,204,165,93,175,315
487,114,106,194,154,93,190,312
491,118,101,184,167,102,189,315
419,99,77,131,127,96,179,298
379,85,75,133,124,81,147,231
296,74,74,120,114,75,132,180
246,112,67,108,142,63,81,138
205,117,60,94,142,46,81,116
187,127,61,89,141,42,83,122
155,127,64,78,235,43,98,119
150,129,61,83,280,51,104,168
117,97,53,74,316,47,110,183
109,85,54,69,340,58,103,179
101,70,56,76,376,72,107,171
96,67,52,82,344,81,91,164
77,58,50,73,353,83,85,114
73,49,45,71,333,89,80,76
65,45,42,76,328,91,77,83
60,52,39,73,307,85,71,90
61,51,36,70,300,77,71,96
62,54,41,74,285,76,76,100
71,59,41,72,262,69,69,95
88,77,44,66,240,58,70,86
83,73,43,60,221,56,57,74
80,75,40,52,212,54,51,59
83,73,34,47,159,47,42,67
86,78,35,42,149,45,40,63
76,61,35,47,126,47,49,79
75,56,35,45,129,45,49,87
75,55,37,45,136,43,49,92
71,56,38,45,148,46,51,81
59,44,37,46,145,46,51,81
57,44,35,40,148,44,39,64
60,44,35,40,134,42,38,55
62,46,33,44,140,39,39,57
61,45,34,43,127,35,33,59
56,43,32,41,128,32,32,59
64,41,33,45,132,32,32,57
65,41,34,45,143,33,32,55
65,37,33,41,119,34,28,47
67,37,30,47,123,36,31,48
68,36,34,51,128,37,30,48
52,34,33,50,118,34,29,48
52,33,33,48,101,32,29,47
48,29,37,51,87,33,29,43
55,28,42,49,82,30,29,34
64,29,42,47,67,39,36,32
72,31,45,48,64,42,38,33
90,34,45,48,65,44,37,35
106,41,43,42,90,42,40,38
106,51,42,44,106,47,38,46
105,56,40,45,109,43,33,52
100,57,35,46,112,42,35,52
86,60,37,46,111,43,35,52
70,57,34,48,121,45,31,50
69,57,32,44,107,43,32,58
63,52,36,44,114,39,30,52
63,49,37,41,116,36,28,53
58,44,35,45,115,35,27,54
63,54,36,45,84,33,29,55
62,49,35,44,96,33,33,42
70,51,31,41,96,34,33,44
71,52,32,42,96,38,33,41
76,57,33,38,105,36,32,40
67,46,32,38,120,39,32,43
65,43,33,40,142,38,31,40
65,44,34,42,139,40,30,37
72,51,32,42,143,37,31,37
69,43,33,43,144,46,34,51
71,50,35,46,197,59,38,49
78,54,37,43,197,64,42,53
70,54,35,43,200,70,45,55
70,52,35,43,195,71,45,54
67,54,34,44,202,70,44,40
81,50,34,42,152,65,42,50
77,48,32,46,123,63,40,45
81,52,34,47,119,58,39,44
80,50,35,48,126,59,39,50
85,50,34,49,115,59,39,51
74,52,36,46,97,53,36,44
75,49,38,41,112,55,33,45
85,43,37,38,107,55,33,46
81,38,35,38,115,62,33,44
84,36,36,37,109,60,38,63
143,34,34,41,118,65,40,96
205,34,34,44,107,59,39,151
233,37,37,46,126,63,40,166
271,44,40,44,113,55,42,203
285,47,39,44,113,53,42,215
269,51,38,39,114,51,41,215
250,63,36,39,109,58,46,199
223,63,34,41,82,51,46,190
183,60,36,45,90,58,44,154
170,60,35,45,91,59,42,134
170,56,37,49,85,57,43,135
132,43,38,51,89,54,37,111
137,42,37,49,99,59,34,107
142,52,35,50,94,53,34,121
147,51,37,50,87,52,40,128
132,51,35,44,89,55,40,105
146,52,32,41,80,52,40,110
140,52,33,41,66,43,40,112
125,48,33,34,64,46,41,93
160,54,31,34,63,47,36,101
169,55,33,34,59,43,38,120
154,57,36,32,64,43,37,114
156,57,36,32,68,43,36,109
160,55,34,35,69,37,33,108
114,54,34,34,77,35,35,89
99,53,34,33,69,38,31,64
103,48,33,33,70,38,32,59
109,47,34,31,75,40,32,67
117,54,35,33,71,41,35,68
125,52,38,33,63,43,30,64
123,52,37,34,65,41,29,58
123,51,38,37,65,41,31,60
114,54,34,38,54,38,31,57
99,44,34,33,61,37,27,55
75,40,33,33,59,37,30,51
80,41,30,35,61,39,34,52
77,44,30,33,65,39,32,49
84,44,35,34,73,41,32,53
79,41,35,35,69,41,31,52
94,42,33,34,70,40,30,71
93,46,38,33,67,38,29,72
96,53,37,35,64,42,28,70
86,52,34,33,61,42,28,65
88,52,31,32,63,43,28,69
70,51,30,31,64,41,29,50
72,49,26,33,64,40,29,49
102,55,24,30,61,36,27,55
103,53,23,35,65,34,26,54
101,52,23,37,60,34,31,47
107,51,30,39,70,38,30,53
106,49,34,35,71,39,31,55
76,26,36,37,71,40,35,63
81,27,36,35,65,44,37,70
90,45,37,32,66,44,33,72
85,51,35,31,56,42,34,67
81,51,33,32,55,41,32,64
86,52,34,32,55,40,29,57
86,55,35,30,58,38,31,58
90,47,36,31,57,40,31,71
92,45,34,31,54,39,29,74
97,47,35,32,56,40,32,74
89,46,32,31,55,38,32,68
90,42,33,33,52,39,30,63
75,38,35,36,50,37,33,51
76,43,35,38,70,38,33,49
79,46,33,38,68,38,32,60
74,46,34,36,67,40,32,59
91,60,35,34,65,37,31,57
95,62,36,35,69,38,33,57
93,54,34,31,49,35,32,52
92,52,33,31,58,36,35,49
93,52,33,35,58,36,35,49
111,56,33,35,65,42,35,59
111,56,31,35,60,38,31,61
112,58,36,36,72,42,34,64
109,57,36,35,74,42,30,58
120,57,36,32,74,40,31,69
93,40,38,33,73,35,30,61
92,43,39,32,74,37,33,57
87,42,36,33,67,37,34,53
88,43,35,34,55,36,36,53
87,45,35,34,52,39,34,55
83,40,32,35,46,40,34,58
83,36,32,33,53,42,31,57
81,35,31,31,53,40,32,58
77,33,33,30,53,38,33,61
59,33,34,31,56,35,33,46
60,44,33,37,58,34,37,42
63,50,31,37,54,31,38,44
77,50,34,40,51,29,34,49
75,51,30,41,55,33,33,49
74,48,28,41,54,37,35,49
88,42,29,36,51,38,32,52
82,37,32,35,47,39,31,53
73,39,28,35,48,44,31,49
73,43,36,37,47,43,29,46
76,42,39,38,50,47,27,50
60,43,38,39,49,48,28,47
68,41,36,40,51,49,30,52
80,40,37,38,50,46,30,55
82,35,31,41,48,51,32,55
89,37,28,42,43,43,33,61
95,37,29,41,50,43,34,65
92,38,31,42,52,41,34,66
86,43,33,45,58,40,35,64
90,43,33,41,57,39,38,65
103,42,36,37,58,38,38,61
97,39,36,39,56,39,38,57
111,37,34,37,53,41,38,56
111,31,33,32,50,43,35,53
113,32,36,33,55,42,31,53
98,32,32,36,57,44,31,52
96,32,32,35,55,43,30,49
86,34,32,37,63,45,29,44
84,36,34,40,63,43,30,45
95,49,31,41,65,39,32,47
94,54,35,41,69,38,30,44
91,53,38,43,76,37,29,44
82,50,40,41,72,35,29,39
78,49,39,41,70,35,28,43
64,41,38,38,66,37,28,48
65,34,36,37,63,38,33,48
71,36,35,34,62,45,32,49
71,37,34,38,60,44,31,50
72,37,35,35,61,46,35,50
86,35,37,41,68,44,37,53
93,42,38,42,83,48,43,94
101,41,37,43,100,43,61,103
132,47,38,45,117,49,81,124
180,53,38,64,197,69,93,136
208,60,45,66,245,78,107,150
293,58,47,70,255,82,126,182
330,60,47,96,293,97,145,218
379,69,50,127,325,107,146,238
378,70,55,119,341,106,145,240
367,65,51,127,323,105,139,238
318,66,59,130,339,107,122,238
303,67,59,115,316,103,154,252
251,54,57,91,300,108,165,260
274,49,58,95,275,126,164,259
274,49,59,94,267,127,165,256
275,56,50,92,244,124,171,246
271,54,51,95,317,143,151,203
266,53,52,85,305,140,135,176
226,51,47,87,282,117,129,175
217,50,44,79,283,116,127,172
215,44,45,79,296,123,122,162
195,46,46,82,243,111,86,158
169,45,43,81,266,101,82,139
181,44,45,79,259,101,81,130
201,52,43,75,254,97,80,135
179,48,41,70,262,112,77,99
165,46,40,63,240,90,63,97
162,46,40,63,225,88,56,89
123,50,36,65,243,87,51,83
70,40,35,66,241,87,41,63
51,36,36,62,199,46,25,60
37,34,33,56,170,42,23,38
28,34,30,52,145,43,20,32
24,28,30,39,89,39,20,26
23,29,29,40,73,38,22,22
25,27,29,43,77,37,21,22
24,29,31,42,75,41,23,25
24,27,32,45,60,37,23,24
24,27,31,47,56,35,24,25
26,26,33,48,97,38,23,32
27,27,32,48,97,39,26,33
30,27,33,50,117,35,25,31
32,29,31,47,119,32,29,34
34,30,32,46,125,35,28,34
35,31,31,42,104,31,28,46
36,33,32,52,117,33,28,51
38,32,32,51,103,32,29,54
38,30,31,52,101,33,27,55
40,28,36,53,100,30,26,55
39,27,35,55,109,33,26,43
41,28,36,43,116,31,24,35
40,28,36,42,114,31,27,37
40,30,38,40,111,30,29,38
48,40,35,36,108,30,29,55
48,40,36,34,110,28,31,57
45,41,34,42,98,26,35,60
44,42,34,44,101,29,33,62
45,42,35,44,106,33,33,64
34,34,33,43,102,35,34,50
32,32,32,46,86,33,31,49
33,30,32,46,100,36,29,46
33,26,32,45,94,34,31,38
29,25,28,44,95,32,29,54
37,23,32,50,96,30,28,54
37,26,33,46,100,35,29,60
37,24,31,40,87,32,27,68
37,24,29,43,96,31,26,75
37,26,30,50,112,34,27,65
38,29,29,54,124,41,59,84
59,30,31,61,137,44,71,103
71,36,38,84,186,61,103,126
96,43,42,113,232,76,149,190
116,55,46,113,242,88,159,200
149,58,48,128,271,96,166,241
166,63,49,135,313,115,176,239
184,62,49,137,443,111,183,258
182,61,54,121,451,105,167,241
186,53,65,146,545,99,168,266
162,55,72,170,560,101,180,231
156,54,77,167,550,83,175,248
148,53,77,174,444,86,177,229
164,58,78,183,445,89,194,227
159,58,69,193,399,99,193,201
160,54,66,172,415,103,176,205
153,54,59,172,406,113,176,187
148,59,58,158,413,118,159,180
129,55,56,151,412,123,154,171
118,55,66,128,458,121,158,166
127,55,63,122,439,114,157,159
126,52,70,128,444,107,151,153
118,45,68,129,434,102,148,148
128,47,70,132,476,93,115,143
127,46,58,124,366,89,110,136
127,45,58,121,356,90,114,141
118,44,51,118,355,80,116,140
127,47,51,115,365,94,116,164
106,45,46,132,302,98,118,146
109,44,49,128,316,100,106,142
98,46,52,120,291,106,96,144
95,48,55,121,279,111,91,149
76,44,53,116,263,101,76,118
75,43,52,80,217,94,66,113
67,42,50,72,175,87,63,109
57,39,41,70,155,74,53,87
55,32,36,50,137,64,41,69
48,30,35,47,108,52,43,59
41,27,34,40,99,49,36,51
35,27,32,43,88,47,34,64
31,24,31,42,90,38,31,66
29,25,29,47,89,39,35,69
29,24,31,47,90,45,30,69
28,26,34,48,91,43,35,82
20,24,34,42,91,38,38,73
19,26,37,47,101,37,39,69
19,26,36,42,101,38,37,59
20,27,33,45,110,34,39,68
20,25,32,43,106,34,33,53
23,25,33,42,100,33,31,62
25,27,32,41,108,34,32,61
25,27,36,43,107,34,31,60
26,25,36,44,127,37,31,51
31,27,35,45,127,40,34,68
35,32,32,52,132,40,35,82
40,30,32,56,123,41,42,90
48,31,31,58,131,42,43,99
48,32,34,55,135,37,42,102
53,32,33,57,143,34,42,95
50,28,34,54,148,35,45,76
45,28,31,52,148,35,37,69
42,30,32,50,147,34,39,76
49,31,28,50,123,39,46,76
42,29,31,49,116,40,45,82
41,29,29,50,110,44,41,86
43,31,33,44,104,44,42,86
39,30,29,42,98,44,40,69
28,29,34,47,98,44,34,75
33,31,34,43,91,44,36,68
34,29,37,37,79,43,39,78
33,29,37,39,77,51,43,80
38,34,39,43,79,50,42,84
38,34,37,48,75,58,40,83
34,35,36,50,82,58,44,86
36,37,34,53,82,59,48,81
39,37,33,56,79,61,52,85
35,32,33,54,72,76,53,82
34,30,32,46,72,88,62,75
35,34,31,52,71,97,63,78
33,34,33,61,74,108,67,79
31,31,33,60,72,106,73,82
34,32,34,73,85,101,79,88
33,32,34,79,87,96,80,92
33,28,34,78,85,91,76,86
31,26,33,70,85,81,69,86
30,28,34,69,87,83,70,86
28,28,36,63,71,82,70,85
32,31,38,69,66,74,63,78
33,33,43,69,71,87,71,79
37,36,43,72,88,84,80,75
73,44,48,74,95,80,81,88
121,47,51,72,108,92,78,87
129,49,53,56,113,96,84,88
133,48,53,57,110,84,83,87
133,48,54,67,92,88,78,83
118,45,49,66,80,88,65,55
70,43,43,62,70,73,64,52
53,40,40,65,59,66,58,47
40,41,37,64,54,63,52,45
38,41,35,52,52,55,45,46
38,36,38,49,50,53,45,46
32,33,40,47,38,45,41,39
33,32,42,44,38,38,35,39
30,32,40,40,39,31,32,38
27,29,39,36,40,29,32,37
24,32,36,41,43,28,30,36
30,35,32,45,59,29,31,35
28,36,32,46,64,29,32,34
27,39,34,47,66,33,33,33
28,39,35,46,66,36,36,29
28,36,35,43,64,33,36,30
25,38,34,41,48,31,35,32
24,37,33,42,40,31,38,31
25,29,33,43,35,29,36,28
26,29,30,42,37,30,33,30
26,31,30,41,31,32,32,29
24,26,32,42,31,33,33,29
25,25,28,40,29,33,27,27
27,25,32,40,31,32,29,28
28,28,35,39,28,31,33,28
27,25,35,42,28,33,34,27
34,25,35,36,27,31,33,25
35,25,35,38,34,31,38,26
38,26,34,35,33,31,38,36
67,25,37,34,35,28,37,59
81,28,38,30,35,25,38,67
80,28,40,33,39,30,36,69
80,28,39,32,34,28,32,69
79,29,35,31,34,28,29,64
56,28,31,33,32,27,23,45
34,24,31,33,30,26,21,30
49,25,28,31,24,23,24,30
49,26,28,30,23,23,26,30
48,26,27,29,20,25,26,29
48,36,26,30,22,27,28,27
49,39,22,31,24,26,30,27
31,38,23,29,35,26,28,23
30,37,25,33,52,28,27,22
32,38,27,42,90,30,31,26
34,29,29,40,92,30,32,25
33,28,30,44,107,33,33,36
48,33,29,53,122,35,43,41
48,35,32,51,129,37,48,55
45,32,34,45,126,36,49,74
45,33,35,46,140,37,53,78
45,34,38,54,135,42,53,78
32,31,41,58,128,39,46,77
31,29,39,60,123,44,42,73
32,31,40,63,120,48,41,55
34,31,40,71,157,53,41,56
32,31,41,75,165,59,45,58
29,30,39,69,167,82,46,85
29,29,39,69,179,80,48,82
28,27,38,68,182,82,58,84
23,27,39,63,138,81,74,93
23,25,38,48,125,79,71,93
24,23,37,45,120,62,78,75
23,24,34,52,94,61,77,76
21,24,35,64,67,57,71,74
24,23,32,61,64,63,51,59
24,29,33,63,62,76,52,53
25,30,36,69,96,75,45,42
27,30,41,71,103,86,43,36
31,34,45,69,107,86,41,35
30,36,45,69,106,79,38,30
31,31,43,66,104,61,34,33
35,32,43,58,66,60,28,40
35,32,38,47,47,42,24,41
33,28,31,31,33,60,26,39
31,33,32,29,30,80,28,37
38,33,33,38,33,92,28,39
41,32,34,39,30,102,31,35
42,32,34,37,31,108,34,34
43,32,34,39,31,101,34,35
44,29,36,41,43,94,33,37
38,26,35,34,96,94,33,33
32,24,33,40,122,87,31,27
28,24,37,40,131,90,32,30
27,28,39,49,157,90,30,29
26,24,36,52,172,87,29,26
25,24,35,52,163,81,32,29
23,27,38,49,171,90,32,30
25,27,36,50,172,98,31,27
23,23,31,41,161,96,31,26
24,25,36,34,156,100,34,27
24,25,36,40,162,100,31,24
25,25,32,45,194,90,41,27
25,28,31,45,214,74,44,28
27,28,33,53,211,79,46,28
25,29,28,58,213,76,46,28
27,29,28,59,204,72,48,26
28,27,31,57,166,69,40,25
28,27,32,56,144,65,36,26
28,28,32,50,147,63,32,27
28,27,34,45,138,61,31,26
28,27,34,47,150,61,32,29
25,28,34,45,137,70,34,28
22,26,34,48,130,69,34,28
21,26,35,54,131,67,35,26
22,27,35,55,131,64,34,27
22,32,38,51,115,74,30,25
23,30,38,48,110,79,29,24
25,32,39,50,106,87,28,24
25,31,39,42,95,85,27,24
26,29,38,43,89,108,30,22
26,23,35,42,80,114,30,23
27,27,39,47,97,119,31,23
25,26,36,41,94,116,32,23
24,25,37,48,90,116,33,24
23,39,39,54,136,105,30,24
29,44,43,57,204,115,34,26
29,45,40,53,201,113,31,28
29,44,43,53,205,114,32,27
29,45,43,51,209,114,32,28
29,33,40,53,195,103,33,28
23,29,37,49,131,70,28,25
21,27,35,51,124,46,28,23
22,27,32,53,154,45,30,23
25,27,35,56,163,44,28,23
27,27,41,50,146,56,30,22
25,31,39,48,140,57,31,23
28,33,39,50,143,59,32,22
29,35,42,50,127,54,29,23
26,34,38,46,119,57,30,23
25,34,34,44,129,49,30,25
26,32,34,48,124,60,29,24
23,28,34,45,131,61,29,24
22,25,32,48,131,61,29,24
25,26,33,49,124,57,28,24
25,26,30,51,133,54,26,22
27,24,32,48,144,42,26,22
27,23,31,49,133,36,25,23
27,24,30,44,109,33,23,22
25,23,29,45,115,32,24,20
25,23,33,45,96,29,23,18
23,22,30,48,79,25,24,18
25,24,29,44,83,27,26,17
24,22,31,44,85,30,26,21
25,23,29,42,92,30,26,23
26,24,24,37,83,30,25,23
26,24,25,31,85,31,23,23
23,25,27,32,95,29,22,23
22,25,25,32,95,27,24,20
22,23,25,32,81,28,24,19
19,22,26,32,90,30,24,20
19,21,25,33,95,29,24,21
21,20,25,34,93,28,25,20
20,22,26,34,96,30,25,20
21,24,26,30,96,30,25,21
22,25,24,31,89,31,26,20
21,25,25,31,87,36,27,18
22,24,23,29,79,38,26,22
23,24,23,27,86,40,25,23
22,21,25,30,82,40,25,33
23,23,27,31,83,40,26,52
24,24,27,32,76,36,24,55
25,25,30,36,82,38,25,56
26,25,34,38,70,34,25,56
25,26,32,38,68,34,24,49
23,26,32,36,65,34,24,33
23,25,34,35,65,35,27,29
21,26,33,33,57,34,26,24
20,25,29,29,56,34,26,25
21,25,29,29,69,33,26,25
22,24,30,31,71,32,26,24
23,26,26,33,69,31,24,23
23,24,25,32,65,32,24,24
24,26,25,37,101,34,23,23
24,25,28,38,95,34,24,25
23,26,25,37,94,32,25,22
23,23,28,35,100,31,26,23
23,26,29,41,110,30,31,27
23,26,28,39,79,26,32,28
23,28,26,40,75,27,33,28
25,27,30,42,80,27,33,28
24,27,28,43,82,28,31,28
25,24,28,38,70,28,25,24
25,23,30,37,66,28,24,25
26,22,33,33,79,28,22,24
23,21,30,31,74,30,23,23
22,25,30,30,85,32,25,23
23,27,34,36,88,31,25,24
23,28,32,41,100,33,24,23
23,28,31,40,97,31,25,23
25,29,31,44,120,31,22,25
26,25,30,47,121,28,22,24
25,27,27,53,131,31,24,25
25,26,29,50,137,32,27,25
24,24,33,51,141,33,29,26
24,24,36,53,128,42,29,24
23,26,39,53,130,59,33,27
24,24,39,45,118,64,36,27
23,24,39,45,106,69,38,27
23,24,35,43,114,68,39,28
23,24,35,38,112,69,43,29
23,24,31,34,104,89,49,27
22,26,34,33,116,103,57,27
23,30,32,39,129,103,55,25
25,29,31,40,113,104,54,26
25,29,30,41,120,115,52,24
24,29,32,44,118,96,43,23
24,28,35,45,119,77,34,23
24,26,33,44,141,76,38,23
22,27,33,45,145,75,43,24
23,26,32,46,143,49,43,26
25,25,34,42,142,41,42,28
24,27,28,44,133,40,39,29
25,26,30,42,118,32,37,30
27,25,30,43,114,35,30,27
26,24,30,43,109,32,28,30
25,24,28,48,105,31,28,28
27,21,28,48,104,27,27,31
27,22,29,47,80,29,26,44
27,24,31,44,88,25,28,45
30,24,33,43,86,27,28,43
30,25,33,39,120,29,28,43
28,24,34,35,126,28,28,41
30,25,33,43,134,28,25,28
31,27,35,44,135,28,28,29
31,33,33,46,143,26,28,31
33,32,31,50,131,25,28,32
32,34,29,52,139,29,27,31
32,32,31,49,150,28,28,31
30,29,28,48,141,30,24,26
31,24,28,44,137,31,22,24
29,24,31,38,119,32,23,23
35,29,33,37,101,29,24,25
34,30,34,33,62,30,24,23
34,30,33,33,67,27,26,28
31,29,34,35,57,26,27,28
31,31,34,36,72,26,27,27
24,26,34,34,96,27,29,28
24,24,32,38,102,38,34,31
25,26,33,37,102,39,33,27
27,26,30,35,112,43,32,28
26,25,28,47,109,45,31,28
26,26,24,47,89,44,29,27
24,28,27,46,88,35,24,25
24,28,28,49,86,34,25,25
22,29,30,51,69,32,26,24
23,28,30,42,65,26,27,24
24,26,34,43,64,29,26,24
38,31,36,43,60,29,27,24
39,29,33,42,58,32,27,25
41,29,33,41,71,31,26,25
41,29,35,39,81,32,27,23
43,30,32,38,93,32,26,25
34,25,32,40,88,32,26,24
32,26,31,38,91,31,25,26
32,27,31,36,106,29,25,26
31,26,33,38,100,29,23,27
26,26,36,36,89,28,24,25
26,25,36,32,88,27,23,27
26,25,37,32,85,27,25,24
23,24,39,33,67,29,26,22
25,28,35,30,60,31,28,22
29,27,32,31,63,31,27,23
30,30,30,32,68,33,26,23
35,32,31,33,70,31,24,24
35,32,30,35,65,33,24,24
34,28,30,37,75,35,20,25
34,28,31,35,80,35,23,25
32,26,31,37,87,35,22,23
27,23,37,38,90,35,23,23
24,21,37,35,87,35,24,22
24,21,37,34,81,31,26,22
21,24,38,37,83,31,28,21
25,23,40,37,88,34,28,21
26,25,36,35,88,33,29,20
28,25,35,36,85,34,28,22
28,27,37,40,85,34,27,22
30,25,35,40,86,34,24,25
28,26,31,37,69,30,26,24
27,26,28,41,66,30,26,25
24,29,28,41,69,27,25,25
25,28,27,38,79,29,27,24
24,27,29,39,93,26,28,21
21,28,31,42,110,27,27,23
21,27,31,39,108,29,26,22
23,27,30,38,107,29,25,22
23,26,31,38,100,28,23,23
23,28,28,33,86,29,22,22
25,29,29,32,65,31,23,24
25,30,32,31,64,29,24,24
25,30,33,33,64,31,26,23
24,31,33,35,65,31,26,22
24,31,35,37,57,32,26,26
22,29,32,37,59,30,26,21
23,27,35,37,61,32,24,22
24,25,33,35,65,33,24,24
25,25,34,34,63,32,23,26
26,25,34,33,59,33,22,24
25,26,35,34,60,34,25,26
29,28,30,38,84,33,26,24
27,28,33,40,86,32,26,23
28,27,29,37,93,30,25,21
29,24,29,38,99,29,25,21
29,23,28,37,98,28,21,20
24,24,26,31,78,28,21,20
26,24,26,31,74,27,21,20
24,26,29,32,65,27,22,20
22,28,32,33,56,29,25,20
22,28,31,32,78,31,25,20
22,26,32,33,82,32,26,21
23,27,32,30,87,31,24,21
23,26,33,32,92,32,27,20
25,26,31,30,96,33,27,20
27,25,33,33,79,31,28,22
28,25,33,35,75,28,27,22
26,23,34,34,64,30,29,21
24,26,33,35,69,30,25,22
24,24,33,37,73,28,25,20
22,24,31,35,75,28,26,18
21,27,34,33,73,29,29,18
21,26,33,41,80,30,30,18
22,23,32,39,72,30,31,20
22,24,32,39,60,30,31,20
23,25,32,40,61,28,29,22
23,24,30,41,70,31,30,22
24,24,27,35,61,28,28,25
22,24,27,34,58,27,27,23
20,24,28,35,70,29,25,23
19,27,28,35,81,30,26,23
21,27,28,36,77,27,23,22
21,29,30,36,78,29,23,24
28,29,30,39,80,29,22,23
28,29,29,41,72,27,25,23
29,27,30,39,62,25,25,22
27,27,32,39,58,26,24,22
27,24,35,38,56,26,23,21
21,26,36,38,73,30,25,22
20,26,33,35,83,29,23,25
20,26,32,37,82,32,21,25
21,25,29,36,87,30,20,26
20,24,23,38,88,31,22,24
22,22,24,35,88,29,20,23
23,23,26,35,79,30,22,20
25,23,26,35,76,31,23,20
25,22,27,35,70,32,26,21
25,25,28,35,68,33,25,23
23,25,27,36,60,33,24,22
24,24,30,38,61,32,27,24
23,22,32,35,62,28,27,26
25,25,36,33,70,29,23,24
25,23,36,32,70,30,24,22
26,27,38,31,63,29,27,23
24,26,38,31,71,28,25,22
24,27,37,30,67,28,25,21
22,26,32,31,60,28,25,24
23,27,31,31,61,25,24,25
22,25,27,30,61,25,21,24
23,27,24,29,48,25,20,25
23,26,24,32,49,25,23,25
23,23,24,34,56,24,22,23
23,24,24,34,63,23,27,24
23,24,28,36,58,25,28,24
21,24,28,36,61,25,29,22
22,26,27,35,61,26,27,21
21,27,29,47,54,32,27,22
19,27,32,55,58,34,24,22
21,26,30,57,59,33,25,25
23,25,33,58,81,38,25,24
22,26,34,61,100,37,24,25
24,24,33,52,112,33,29,25
36,28,32,44,106,32,28,24
41,31,33,41,109,33,26,31
42,31,34,51,100,34,28,34
43,31,35,54,84,39,30,33
42,31,37,56,73,40,25,33
33,28,35,57,73,43,27,34
26,23,35,57,71,42,28,30
23,26,30,46,61,38,27,25
25,24,27,43,63,32,24,26
25,25,27,40,62,33,23,29
26,25,26,41,79,29,22,27
24,26,25,40,85,29,22,25
25,25,29,40,87,28,22,26
21,24,29,37,85,30,24,26
19,23,26,36,82,27,27,24
19,22,29,39,80,29,27,24
20,23,27,39,76,29,26,24
21,24,26,39,71,32,26,25
21,26,26,39,71,34,24,25
23,27,28,38,79,36,25,23
21,27,28,33,66,34,25,25
22,26,30,35,70,36,25,24
20,28,29,34,74,34,25,21
22,26,31,34,78,32,26,24
21,26,28,33,68,31,25,23
22,25,30,33,64,31,24,23
23,27,31,35,81,32,26,24
24,25,29,34,85,30,27,27
22,26,27,35,80,29,27,25
21,27,28,36,80,28,25,26
21,26,27,35,88,29,27,24
21,24,26,34,80,26,24,22
20,22,26,34,75,30,23,22
22,24,26,34,74,32,21,21
22,26,28,40,80,34,22,21
22,25,28,39,73,33,20,23
24,26,27,37,65,33,22,25
25,26,32,40,63,30,23,24
25,24,32,40,70,30,23,23
24,23,32,35,65,29,22,23
26,26,32,36,66,29,22,24
23,26,33,36,55,25,22,23
23,26,30,32,58,24,22,23
23,25,30,32,56,24,22,24
22,25,28,33,53,23,23,25
21,25,27,34,52,24,24,23
23,23,27,34,56,24,25,22
22,23,26,34,53,26,24,22
21,23,24,33,47,25,28,22
26,23,25,32,63,27,28,20
25,20,27,35,68,29,27,21
25,22,28,32,67,31,26,21
26,22,29,35,77,33,25,20
27,23,31,34,80,34,24,21
25,23,33,35,74,34,23,20
26,22,33,31,69,33,25,20
25,25,32,36,70,31,28,21
25,25,31,35,60,30,27,23
25,26,31,36,55,29,26,24
25,26,30,38,56,28,28,25
23,26,27,42,61,29,26,24
24,26,26,38,59,30,24,25
24,28,27,41,59,29,26,24
23,26,26,41,62,32,26,22
21,26,23,39,60,34,25,24
21,26,23,35,55,33,25,25
20,23,23,36,60,32,25,23
21,25,22,33,57,31,24,23
22,26,24,34,67,28,21,22
21,26,26,36,67,23,23,21
22,28,28,36,72,22,21,20
22,29,32,35,70,24,22,20
27,27,33,33,73,25,23,23
27,29,32,33,70,25,24,24
27,30,31,30,63,27,24,24
27,28,32,30,59,28,23,24
28,28,31,32,62,30,23,26
23,28,30,34,61,30,19,25
22,26,29,32,56,30,19,22
23,25,29,34,56,29,18,23
22,27,31,32,55,30,19,23
21,26,27,32,53,28,22,22
20,24,27,31,51,28,22,21
21,23,30,31,46,32,21,22
18,24,29,28,51,32,20,22
18,23,27,31,52,33,22,22
17,23,27,30,74,34,20,22
20,23,28,31,73,36,21,22
20,24,26,31,78,33,23,21
21,23,29,32,75,33,24,20
22,22,32,32,77,34,23,20
23,21,32,32,67,32,23,20
22,23,34,28,75,32,24,23
22,24,37,28,73,33,27,23
24,25,37,27,76,33,26,23
23,26,35,25,74,30,25,23
23,27,36,25,66,29,25,23
24,25,33,34,69,28,23,22
23,26,28,39,67,28,19,21
21,26,26,39,62,28,20,21
20,25,24,42,62,29,19,22
21,23,25,43,74,35,22,23
22,23,26,38,62,35,22,21
21,19,27,35,60,33,21,22
21,20,29,36,67,33,18,25
21,21,28,40,69,34,22,26
20,23,27,39,56,28,20,24
19,25,24,37,58,27,23,25
20,26,27,38,65,31,26,24
20,24,26,37,67,32,29,25
21,25,29,34,65,33,26,24
22,23,30,36,69,35,26,26
21,23,32,36,68,35,24,26
22,23,30,33,64,34,22,26
21,25,29,33,56,32,19,25
21,23,27,32,57,29,17,25
18,25,26,32,52,31,21,23
20,26,27,33,65,31,21,24
18,25,29,35,80,29,22,23
22,24,31,36,84,28,25,22
21,26,31,33,82,27,26,20
23,25,33,35,83,29,26,21
22,23,34,36,77,31,26,21
22,23,32,34,63,33,26,23
20,23,29,33,55,35,24,23
19,22,29,34,59,37,24,25
19,22,26,30,59,32,23,26
20,23,24,30,67,29,24,25
21,22,24,33,64,30,21,24
22,24,27,32,66,29,21,26
21,24,28,31,66,30,23,25
23,23,28,33,63,30,22,25
23,24,28,37,74,31,21,25
23,27,29,36,76,27,22,25
23,27,27,38,84,26,22,23
23,25,25,40,84,25,21,22
22,27,24,40,83,28,21,21
22,25,27,36,74,27,21,22
21,24,27,42,73,28,20,24
20,24,30,41,67,27,23,24
21,24,33,40,64,26,23,25
21,23,33,41,65,28,24,24
20,23,33,41,60,26,24,21
22,22,33,38,67,29,25,17
22,19,31,37,63,28,23,18
21,22,26,39,62,29,21,15
20,22,29,36,74,30,21,18
21,25,31,35,69,33,20,18
22,24,32,31,64,32,19,19
21,27,32,32,67,31,20,21
24,27,36,30,68,32,21,22
25,27,35,28,63,28,20,21
26,25,32,32,77,28,20,22
25,26,30,39,76,27,20,23
25,24,28,37,76,31,23,22
26,24,26,39,74,30,22,22
25,23,26,39,84,31,26,24
24,27,26,37,83,31,29,27
26,31,28,28,81,32,29,28
26,30,28,36,82,28,27,28
51,50,25,35,87,32,28,29
77,71,28,42,77,36,25,29
83,78,27,46,118,38,27,42
83,78,27,56,158,38,29,42
87,80,30,53,169,40,29,43
85,76,31,55,191,37,29,44
76,67,32,53,203,36,29,44
81,73,32,50,184,33,29,37
84,74,33,39,172,33,27,37
81,74,32,37,161,31,27,37
77,68,33,37,135,32,26,35
63,58,28,36,121,31,25,34
47,39,28,38,109,28,21,25
41,30,31,38,71,27,22,22
40,29,28,37,73,28,22,22
24,26,29,36,66,28,22,22
22,26,30,43,60,27,23,21
22,23,30,41,64,29,23,21
20,25,26,41,59,30,22,22
21,24,27,44,53,30,25,21
26,25,25,41,51,30,25,19
27,25,23,33,42,28,25,22
30,29,23,33,35,28,26,21
30,29,24,32,47,28,26,24
29,28,25,30,62,27,26,24
28,28,25,33,66,28,26,25
27,28,27,33,72,29,24,22
26,29,27,32,74,28,25,23
27,26,28,34,82,26,25,19
27,27,28,35,77,27,23,20
23,25,28,34,82,27,23,24
29,27,29,31,75,26,23,27
29,22,29,33,78,27,23,27
30,26,32,32,69,31,25,27
30,25,32,34,70,29,23,25
30,24,32,35,63,28,23,23
25,22,33,37,64,27,22,21
25,24,33,37,62,27,22,20
23,21,29,38,62,24,20,20
24,20,28,35,53,27,22,21
24,22,28,35,51,30,20,22
25,22,25,34,53,30,23,22
24,23,23,36,51,29,22,23
25,23,28,39,52,33,22,23
25,25,32,40,53,30,23,23
24,25,33,39,55,28,26,22
22,27,33,40,54,30,25,22
21,25,36,38,53,31,25,22
22,26,33,32,44,28,24,24
22,24,30,30,49,30,25,24
22,23,29,28,44,27,25,22
23,21,28,29,43,27,24,25
22,22,24,29,39,28,24,24
20,24,25,33,40,28,26,22
20,24,24,32,33,29,25,23
19,23,24,34,41,29,23,25
20,24,24,31,42,26,24,22
22,24,24,29,50,25,26,23
23,24,23,27,65,25,23,25
23,26,23,26,67,24,26,24
24,27,22,25,66,25,26,23
22,27,24,25,68,25,25,24
22,27,26,28,71,26,25,24
21,26,28,29,58,29,26,25
21,24,29,29,55,29,25,25
20,22,32,30,53,29,26,25
23,20,33,30,63,31,25,25
22,20,32,28,59,31,26,23
22,20,31,29,66,29,25,20
25,21,32,30,69,30,24,19
24,21,29,31,69,31,22,19
22,23,30,34,61,30,23,18
23,24,28,34,55,28,22,20
23,23,30,32,45,29,22,21
23,24,28,41,76,32,27,21
23,25,29,41,78,31,27,21
23,25,27,39,75,30,27,23
25,27,27,40,81,31,28,24
26,26,25,41,81,29,29,23
22,26,27,31,50,27,24,23
23,26,26,31,74,27,25,25
24,27,30,31,78,30,24,25
21,24,32,31,73,30,23,24
23,25,31,31,81,34,21,25
23,26,31,30,83,34,20,25
22,26,32,30,60,33,20,25
23,24,27,29,54,30,22,23
24,25,30,33,59,31,21,23
22,26,30,32,68,29,23,23
24,24,28,32,66,28,23,25
24,21,28,31,70,27,24,23
23,22,29,33,71,29,21,23
22,19,25,30,67,34,23,20
22,18,27,31,49,32,24,21
22,20,26,33,52,32,25,18
20,22,26,33,47,32,25,18
19,24,29,33,59,31,26,18
20,26,30,30,58,23,24,21
22,27,29,32,59,25,24,23
21,26,31,33,56,24,23,23
21,27,33,32,64,25,23,24
21,28,31,30,54,29,24,25
21,27,31,32,55,32,26,23
20,26,33,29,66,33,25,22
18,26,31,31,73,35,24,21
20,23,31,31,67,34,22,22
22,22,31,32,67,31,21,21
22,21,35,30,68,31,20,22
24,22,32,31,68,28,18,22
24,23,31,26,66,30,18,22
22,23,29,30,69,31,22,23
21,22,27,29,69,30,22,23
18,23,21,30,65,29,20,23
18,22,25,31,56,28,24,25
19,22,26,30,50,24,25,24
19,22,27,31,47,26,25,22
21,25,28,33,48,27,24,21
24,24,29,32,54,27,26,21
24,25,29,33,57,29,24,20
25,26,33,33,55,33,24,20
25,27,34,31,51,31,23,22
25,25,34,28,51,30,22,24
22,25,37,29,54,29,20,23
24,26,35,29,50,29,22,23
21,24,30,29,51,24,21,23
25,23,29,28,50,26,23,22
23,27,29,31,55,26,23,22
24,25,24,32,53,26,23,24
22,24,23,35,51,27,22,24
23,24,24,36,55,29,23,25
22,27,25,37,58,28,20,26
22,24,24,38,57,27,21,23
22,23,24,37,53,30,21,23
20,24,25,36,69,29,22,22
23,26,23,35,66,28,23,22
22,22,26,36,66,28,23,21
24,22,30,33,62,28,24,23
24,24,30,31,61,25,23,23
26,23,32,29,42,26,21,23
27,23,33,29,43,25,19,25
28,23,31,25,48,27,19,24
27,23,29,25,52,31,17,25
29,23,27,29,52,32,16,24
28,23,28,27,51,33,17,24
25,22,29,31,49,32,17,23
23,22,29,32,40,29,17,23
24,21,29,37,38,26,21,23
22,22,31,36,40,27,23,24
26,22,31,37,42,25,26,23
26,21,28,34,45,26,26,25
27,23,29,35,45,26,25,27
26,22,26,30,45,23,25,25
28,20,25,29,44,23,24,23
26,23,23,32,44,24,22,24
26,24,22,34,47,24,23,22
26,26,25,32,45,25,22,21
28,26,25,32,44,26,23,22
72,42,27,32,45,24,23,33
77,46,29,30,47,24,24,42
78,46,30,27,50,25,23,45
80,46,29,29,52,25,27,46
80,47,30,30,55,25,25,45
46,37,29,28,58,26,25,41
37,29,28,27,56,23,25,31
37,32,31,35,58,23,24,27
34,30,31,33,55,21,21,25
32,28,30,35,53,22,22,27
44,28,32,37,58,21,23,24
44,31,34,37,59,26,23,23
45,29,32,32,49,25,23,23
45,31,32,33,50,26,22,22
45,32,33,31,50,25,22,20
31,29,33,30,52,25,22,19
34,28,32,32,59,21,23,20
30,27,30,31,62,20,23,22
33,26,28,34,69,23,24,22
38,27,28,34,70,27,24,23
44,29,25,33,63,28,23,22
42,31,28,30,59,31,25,23
45,31,29,30,61,33,25,21
47,33,30,28,52,31,27,25
43,34,35,26,51,28,27,26
41,33,37,27,46,28,27,26
38,30,34,29,42,27,26,25
37,31,34,30,36,25,26,26
35,29,37,32,46,26,24,21
37,29,32,35,46,27,24,22
36,29,27,36,47,25,25,24
41,27,29,35,46,23,25,24
39,25,29,38,55,30,26,27
42,28,25,38,47,31,27,29
41,30,26,37,49,31,31,31
39,28,29,36,52,33,30,32
35,29,29,36,56,33,29,32
38,29,29,33,50,29,29,30
37,31,29,31,50,29,29,32
39,28,33,30,49,31,29,37
49,36,32,31,54,34,29,38
53,38,31,29,47,34,29,39
52,38,30,28,46,34,30,39
50,34,30,28,49,32,29,36
49,34,25,26,50,29,25,26
43,25,26,24,40,25,24,23
47,27,28,24,40,24,23,24
46,30,30,28,41,25,22,23
49,31,30,28,46,26,21,24
49,34,29,30,54,29,27,27
50,34,27,31,56,28,28,28
41,32,26,34,56,29,29,26
41,30,24,31,54,28,29,26
36,33,27,32,51,30,31,28
44,31,26,30,41,28,26,24
40,35,31,31,47,30,25,25
41,34,32,28,48,27,24,26
41,36,36,28,51,27,26,29
42,33,35,33,62,27,26,28
43,39,37,36,64,30,25,29
42,35,36,36,61,31,25,27
44,36,36,38,59,32,27,28
42,34,33,41,61,32,26,25
41,33,33,39,47,30,25,23
34,27,32,38,44,27,29,26
34,26,31,37,43,25,31,30
41,31,31,36,43,28,29,30
42,31,31,35,36,28,28,29
44,34,33,30,38,27,27,30
42,33,33,32,42,28,24,29
46,33,35,34,46,27,21,28
44,31,35,32,48,25,22,28
45,30,35,32,51,24,24,30
43,29,30,34,49,23,25,31
52,31,29,30,48,28,27,30
48,32,27,31,47,28,27,30
47,32,26,32,46,28,28,28
55,37,29,32,44,28,27,27
55,37,30,32,48,30,26,25
48,37,32,37,84,26,23,25
47,37,31,35,83,26,23,27
47,37,32,36,82,26,20,33
37,33,29,37,83,27,20,35
41,31,28,35,83,27,21,36
48,34,26,32,44,26,24,35
50,34,25,32,40,26,23,32
48,33,24,33,50,25,24,27
56,36,25,32,52,26,26,24
55,38,24,33,55,26,25,23
55,36,25,35,66,28,27,26
56,37,26,35,66,31,28,26
60,35,24,38,65,31,29,27
56,39,27,38,65,34,28,31
54,36,28,39,61,32,28,30
46,36,29,36,50,31,24,26
46,38,31,36,50,29,25,27
43,40,31,29,44,30,23,24
40,35,29,29,47,26,25,18
49,38,30,27,48,28,29,21
49,35,28,26,64,30,30,22
58,37,26,26,64,28,28,21
62,44,26,28,62,28,29,22
63,44,25,29,56,28,26,23
58,43,26,29,55,27,20,21
63,45,25,28,39,25,20,22
58,43,25,28,39,28,22,25
55,39,26,30,40,27,23,24
56,41,25,32,39,27,26,24
57,40,24,35,45,27,26,23
56,41,25,38,45,26,27,24
56,41,27,37,51,25,28,21
54,36,27,35,53,25,26,24
50,34,29,37,58,27,26,24
50,35,32,35,63,27,26,25
53,35,34,34,69,30,24,24
47,32,33,36,67,30,22,24
45,33,33,35,64,30,22,26
50,36,32,32,67,30,22,26
46,34,28,31,57,32,23,26
40,31,28,26,55,31,26,29
46,29,31,28,56,30,29,31
45,33,29,26,58,31,29,30
40,29,34,25,54,32,29,28
42,32,33,26,54,31,28,27
39,30,31,27,51,34,27,23
33,32,30,29,62,34,21,20
31,28,31,31,63,39,22,22
29,27,25,32,71,39,21,24
27,27,26,35,76,41,23,25
32,34,24,37,75,40,21,25
30,34,27,35,67,41,24,26
32,36,30,37,69,37,25,26
32,36,31,38,57,36,24,23
36,35,29,37,59,34,23,23
28,27,30,37,73,32,23,23
33,28,26,35,77,33,24,22
34,25,23,32,76,32,25,20
38,29,23,30,79,33,25,22
35,29,25,26,79,32,25,22
37,32,26,24,67,33,26,23
36,30,26,26,59,31,22,23
34,31,27,28,60,31,22,22
29,29,27,29,59,31,23,22
30,30,25,29,62,33,22,23
28,28,25,30,65,32,21,23
32,28,26,27,74,33,23,23
32,27,25,30,82,36,24,24
33,25,26,31,83,37,24,25
34,24,27,33,85,40,28,25
34,23,30,39,85,39,30,25
36,27,29,39,77,40,31,25
47,30,33,39,75,36,31,25
48,32,31,40,73,37,31,24
48,32,31,40,68,38,30,26
47,31,28,38,113,39,29,25
47,28,29,39,117,39,27,23
36,26,26,36,110,37,25,24
39,24,26,35,113,37,25,25
38,28,25,39,115,33,26,20
42,33,29,40,73,35,25,22
41,37,27,40,70,33,24,22
44,37,29,41,72,32,27,23
41,38,30,41,77,31,26,25
42,37,30,38,70,29,24,26
38,33,27,32,67,24,25,26
34,33,28,32,61,26,24,28
32,30,30,33,73,29,21,28
34,32,28,33,71,30,22,27
32,34,28,33,72,31,20,26
31,33,25,34,70,31,21,26
28,28,26,34,73,30,23,24
28,31,22,34,66,30,24,21
23,27,26,32,53,27,24,18
24,24,30,35,52,28,27,19
49,38,33,37,52,31,27,20
51,39,34,37,54,32,26,20
51,38,35,38,53,29,27,21
52,39,34,41,58,30,26,21
51,39,31,39,61,29,24,20
28,27,29,38,66,28,25,18
25,25,27,38,65,30,25,21
23,25,25,36,59,30,24,22
21,24,26,42,61,32,25,26
31,26,30,40,57,34,24,27
38,28,31,38,52,31,23,29
38,29,32,37,48,29,22,27
39,29,34,43,70,30,19,25
39,30,31,34,74,27,19,21
32,29,31,33,74,25,19,22
32,28,30,35,78,28,21,20
38,34,29,38,90,30,23,21
38,37,28,43,93,35,24,23
38,37,31,51,88,46,26,25
42,40,31,57,92,51,27,24
43,41,30,57,91,53,25,25
39,37,31,59,82,51,23,26
40,34,31,52,66,54,25,26
40,34,29,46,63,45,20,25
39,30,28,39,57,40,23,25
33,28,28,44,73,40,23,26
33,26,27,41,75,40,26,24
31,25,26,41,76,33,26,25
43,29,24,42,91,35,27,25
41,29,24,42,91,38,28,26
39,27,27,38,75,35,28,25
39,31,27,37,77,38,25,25
39,33,28,38,78,36,25,25
25,28,30,36,60,33,24,24
27,28,32,33,63,32,22,23
31,29,30,33,75,32,21,23
30,27,30,31,67,31,23,24
30,25,30,31,75,34,26,21
29,25,29,35,93,34,26,21
29,25,31,36,93,32,26,23
24,23,30,35,99,32,26,22
23,22,33,41,128,28,26,20
23,22,33,43,123,28,26,24
23,22,32,40,111,29,28,24
22,23,30,43,116,29,30,22
22,23,30,44,104,27,29,23
23,21,28,40,65,28,31,23
23,21,30,37,62,25,27,20
24,21,32,37,80,30,25,23
24,21,32,35,72,32,20,22
24,22,35,32,71,34,21,23
25,23,35,31,76,34,18,23
24,26,34,32,78,35,20,27
23,24,34,33,63,32,23,24
22,23,32,38,65,30,25,25
21,23,29,39,68,30,24,23
19,22,27,39,76,30,25,23
18,21,28,36,73,29,23,18
23,21,24,35,67,31,20,18
23,21,25,29,65,28,19,17
24,21,23,27,64,28,21,19
26,22,25,33,81,29,20,19
27,20,25,36,89,30,20,19
23,19,29,34,89,29,21,21
23,20,32,34,88,28,21,22
23,20,34,34,90,29,21,21
21,18,32,31,75,28,21,23
21,22,32,29,70,29,23,22
22,23,29,28,70,28,23,21
25,23,28,31,75,34,24,22
25,24,26,33,69,33,23,23
25,26,29,36,57,37,23,23
25,23,29,40,52,47,22,24
34,28,29,43,54,52,22,29
36,29,29,50,61,52,23,28
44,30,31,50,61,54,23,28
45,30,27,47,60,56,25,28
46,29,28,48,62,50,25,26
40,25,28,46,65,48,25,21
36,24,26,43,53,47,26,21
27,26,25,45,65,46,25,21
27,26,25,52,84,43,24,21
23,26,25,51,90,39,25,22
23,26,25,51,89,38,26,22
22,27,25,48,92,37,25,22
19,22,25,45,90,36,26,20
20,23,26,41,75,35,25,20
22,24,25,41,67,40,25,20
23,23,24,40,72,38,25,20
26,24,26,41,83,36,24,19
26,26,25,42,82,36,23,19
24,24,26,40,87,34,25,20
23,26,26,38,96,28,23,21
24,28,26,40,92,27,24,20
21,26,27,38,83,27,22,21
20,24,28,38,85,28,22,23
21,24,27,41,88,33,21,24
21,21,27,38,90,32,26,36
20,18,29,35,89,33,25,49
22,20,28,36,84,37,27,50
23,21,26,36,84,36,28,52
22,24,27,33,85,35,28,50
21,24,27,34,77,36,26,43
21,24,26,34,79,37,27,28
18,23,26,36,80,32,26,25
18,22,29,34,76,34,24,23
18,19,29,40,76,31,26,22
20,19,27,39,71,30,25,23
21,20,25,41,75,29,23,22
24,22,26,40,75,30,22,23
25,23,23,41,71,29,26,23
26,24,22,35,58,30,25,25
26,24,26,37,57,39,24,27
26,29,31,64,50,62,29,27
29,29,33,63,48,69,30,27
28,30,32,64,45,70,28,26
32,34,32,62,45,70,27,25
31,34,31,65,42,65,28,22
31,29,30,44,41,46,25,24
28,29,27,43,50,38,24,23
26,29,29,46,68,40,26,23
21,26,27,47,71,40,27,22
22,26,28,46,75,42,29,24
20,26,26,45,83,43,30,22
21,25,26,47,91,41,29,22
21,23,26,42,83,36,27,22
23,25,34,45,92,34,27,23
22,25,35,49,118,36,24,22
22,26,36,43,115,30,23,28
38,29,36,42,107,31,25,31
40,31,37,51,119,38,24,32
40,29,33,49,113,45,24,32
41,28,29,45,87,44,25,30
41,27,31,49,113,48,22,24
25,25,31,50,116,47,19,18
23,23,29,43,103,47,21,18
20,27,27,52,102,46,20,17
18,27,28,49,106,54,23,19
23,27,26,57,74,54,26,21
25,29,26,63,72,58,28,22
31,31,25,65,72,59,27,22
33,28,25,57,72,57,28,22
35,28,26,64,73,50,26,22
34,28,24,54,83,47,27,23
34,27,25,50,89,46,27,23
31,25,25,48,103,39,27,24
29,26,30,49,110,38,26,24
26,28,29,46,110,39,27,25
24,27,28,50,108,41,23,22
21,25,32,47,98,38,22,25
17,24,33,64,80,42,22,25
22,23,30,66,69,43,24,25
23,21,30,64,58,45,24,24
24,21,33,61,56,50,27,25
24,22,28,71,57,53,28,23
25,25,26,63,54,54,28,22
25,27,27,60,55,53,25,21
24,27,26,58,64,49,23,21
24,27,23,60,80,44,21,20
27,28,24,46,86,43,19,21
28,26,24,35,103,36,18,20
25,23,24,41,105,35,20,24
26,23,25,43,110,33,21,23
25,26,25,47,99,31,22,24
25,23,26,49,98,31,24,21
21,24,28,48,83,37,25,22
22,25,29,47,83,39,26,20
21,27,32,47,108,42,28,20
23,25,32,44,112,42,26,20
21,29,30,45,109,41,24,22
23,29,27,43,110,39,22,21
25,29,29,40,121,35,20,19
27,26,26,44,117,32,21,20
30,27,28,47,121,32,23,20
29,25,27,55,148,36,26,20
29,23,27,60,165,36,27,20
34,26,24,70,181,40,27,21
32,27,26,70,175,43,26,22
32,28,23,78,215,47,27,23
33,27,24,72,204,43,24,22
35,28,24,71,192,48,24,24
28,25,26,67,190,48,28,25
29,26,24,69,199,44,27,24
29,25,28,60,162,50,31,25
27,27,31,59,184,53,31,25
24,28,31,58,201,47,33,23
26,29,35,72,207,49,31,24
26,30,36,75,234,52,30,26
23,29,34,78,239,46,31,25
25,28,33,79,221,45,31,25
25,27,35,84,218,52,33,25
22,28,29,71,199,57,34,28
21,28,29,76,210,67,39,29
23,27,28,74,205,69,37,30
24,28,28,81,225,79,45,32
26,27,38,85,267,90,44,32
27,36,48,93,270,107,47,31
28,37,48,92,228,105,47,30
31,45,57,119,280,115,52,30
32,46,63,131,303,116,52,28
34,50,65,145,361,114,54,31
35,43,70,149,384,102,54,29
37,46,75,158,401,101,52,29
35,42,73,149,385,92,47,32
36,44,73,138,359,94,42,32
34,41,78,120,263,92,38,30
37,49,82,107,228,88,36,34
36,45,87,85,191,84,34,34
36,43,87,69,138,82,33,31
36,53,88,63,119,70,33,32
36,56,82,60,93,64,29,32
33,73,87,60,64,54,27,28
52,78,82,57,56,51,27,43
82,89,93,54,45,48,24,64
87,102,96,52,35,46,21,69
88,118,103,51,28,31,23,69
88,110,91,51,31,32,27,71
82,108,86,53,35,31,36,69
77,104,73,47,34,25,40,77
101,87,62,48,38,32,47,89
125,62,46,45,41,33,49,96
179,57,40,59,53,35,59,105
200,58,41,58,50,37,61,110
197,50,39,58,50,39,61,97
185,43,36,60,48,34,61,85
169,38,31,60,47,40,62,77
112,34,33,43,32,42,56,64
63,29,28,42,37,41,48,47
43,29,30,43,42,40,45,38
33,31,35,41,114,42,41,38
39,39,37,60,168,55,46,46
35,40,38,67,216,57,63,82
37,42,40,75,238,63,85,99
42,42,48,86,380,73,99,120
44,45,51,91,390,82,128,138
43,45,63,92,390,104,137,157
45,45,64,107,410,122,141,187
47,46,66,115,445,140,143,196
47,45,61,111,364,155,151,194
47,42,60,113,353,154,144,209
45,37,47,120,379,139,135,199
44,37,49,105,345,126,121,163
41,33,44,90,283,101,108,141
33,35,40,88,248,71,82,128
31,37,36,80,227,61,48,76
53,42,41,53,136,49,45,66
102,52,40,48,98,44,48,75
137,80,47,46,88,42,45,83
139,104,49,41,64,38,46,83
148,124,50,37,56,37,45,80
149,132,47,32,47,32,41,75
159,156,57,37,42,26,39,65
136,145,54,41,42,25,36,56
159,141,57,49,54,27,46,61
157,127,57,51,57,28,54,70
156,118,63,55,59,32,57,72
124,84,54,55,63,34,59,66
120,88,60,62,69,36,69,70
88,71,57,58,62,36,65,68
76,64,58,57,57,34,61,61
66,61,52,55,57,32,57,56
52,55,50,54,64,36,59,51
47,48,43,45,66,39,64,54
43,43,48,55,77,48,75,56
41,39,47,56,79,52,79,58
39,37,47,60,81,55,81,59
38,36,53,60,75,53,79,59
32,27,50,60,71,53,67,47
30,33,45,51,68,47,53,39
32,35,42,53,92,50,50,35
31,38,40,48,95,50,48,33
32,57,43,47,97,59,43,29
73,163,114,53,101,62,50,41
182,333,325,130,119,73,61,72
237,457,466,154,109,87,66,97
247,508,531,195,118,101,110,132
263,524,531,246,131,104,136,163
265,515,549,295,143,109,158,169
210,427,459,286,124,101,158,161
153,295,323,294,130,88,163,153
139,200,206,277,120,69,139,127
111,151,209,249,113,56,121,86
89,98,117,188,90,45,90,68
81,95,109,164,89,45,93,62
71,77,87,123,70,42,80,50
67,66,72,108,70,42,78,42
59,55,57,63,45,43,65,40
50,53,59,76,51,37,60,38
47,44,50,74,50,34,41,32
39,36,49,74,44,32,36,28
36,37,43,74,69,30,34,27
46,45,48,76,80,30,35,29
43,50,65,73,109,59,43,75
49,113,127,84,120,69,49,76
50,151,168,84,126,71,48,78
51,207,228,91,119,75,49,78
43,211,238,100,118,81,51,80
47,237,266,112,121,73,48,44
43,231,280,107,133,83,49,44
43,222,270,136,221,104,59,41
46,213,253,140,269,105,61,41
49,231,263,157,318,126,66,44
47,210,235,162,320,137,74,43
45,203,193,163,325,136,72,40
45,194,198,149,292,128,76,45
39,158,167,142,255,144,79,45
39,130,140,153,240,128,73,40
39,134,137,136,240,115,62,39
41,118,135,137,232,106,66,46
52,174,135,144,207,98,56,43
57,188,144,145,203,73,50,41
54,186,140,103,140,61,48,40
55,185,134,98,115,56,46,40
51,190,143,104,110,54,37,34
41,135,111,79,111,52,29,32
36,97,81,74,102,46,29,40
36,90,78,77,95,46,38,51
36,66,79,76,89,40,42,56
42,50,58,56,65,34,43,63
41,61,66,61,56,33,44,63
41,61,67,63,44,33,43,63
39,59,69,59,44,32,35,55
36,60,64,58,44,31,29,50
31,54,66,58,54,31,23,38
30,47,50,54,55,31,24,39
34,54,47,50,56,37,43,38
34,54,44,51,57,36,46,40
36,54,45,52,55,36,52,41
34,53,38,51,48,36,52,41
33,52,41,48,44,33,51,39
27,44,40,43,40,24,38,38
26,42,37,41,41,25,37,34
22,43,39,39,45,25,27,29
24,46,43,39,45,26,29,29
24,36,43,33,42,26,29,30
24,37,45,38,43,27,32,24
23,37,45,39,46,30,32,24
24,40,45,46,52,28,34,25
22,36,41,45,50,27,33,25
21,36,37,48,52,27,33,25
25,37,43,50,50,25,31,23
26,36,42,52,53,23,30,25
26,38,39,48,45,27,30,24
26,39,40,50,43,27,32,26
27,40,40,55,43,30,31,25
23,38,32,52,44,31,30,22
23,46,38,49,35,30,28,21
23,40,39,45,33,26,25,21
24,62,42,51,33,26,25,22
23,64,44,44,31,24,25,24
26,73,50,43,28,22,23,26
24,69,47,42,28,24,24,26
23,69,47,47,30,25,26,25
26,51,43,41,34,26,27,29
30,48,47,47,38,28,27,31
27,36,43,49,38,28,30,30
28,37,44,51,38,28,28,31
30,36,42,51,38,28,27,31
27,38,46,53,38,27,24,24
24,39,42,50,32,26,25,22
24,32,39,51,34,26,24,20
25,32,39,53,37,26,24,24
23,30,40,51,35,29,25,25
22,26,36,49,33,29,25,25
23,26,35,47,36,28,25,26
22,26,36,46,36,28,25,26
25,29,33,51,38,30,31,28
27,30,33,54,39,28,32,27
29,31,33,56,38,28,32,31
30,55,40,57,36,27,31,30
30,57,39,56,35,27,34,31
36,56,43,50,34,24,31,28
37,60,60,50,37,25,36,32
36,63,67,47,38,27,37,28
34,43,63,42,37,28,38,28
34,47,64,43,37,27,37,30
24,46,62,40,32,27,35,29
20,40,45,38,28,23,28,25
19,35,34,40,25,18,32,23
20,36,33,41,24,22,31,23
19,30,29,42,24,22,29,19
20,28,29,43,31,23,29,21
22,30,30,44,32,25,28,22
26,28,31,43,33,28,25,28
25,25,31,42,37,25,25,28
26,36,31,40,37,27,24,29
25,37,31,47,33,27,23,28
28,36,32,45,34,28,24,28
24,35,35,61,39,27,24,23
24,40,38,65,37,27,25,24
34,35,40,73,38,28,29,29
41,41,44,69,39,70,34,34
48,44,52,69,46,95,50,40
53,51,54,56,41,104,51,44
59,49,54,52,42,107,56,52
125,74,54,41,43,114,119,174
214,177,66,43,53,100,178,256
265,187,60,45,48,85,205,330
279,193,58,45,53,93,215,343
302,211,62,48,56,91,236,350
296,211,63,48,59,87,221,328
324,168,52,48,53,90,199,322
320,174,65,49,59,108,182,266
316,166,67,55,57,103,179,261
299,147,66,52,57,107,153,254
288,143,70,57,61,110,164,247
203,110,68,56,60,139,153,190
142,80,58,51,58,130,142,166
122,82,55,46,60,128,137,148
108,78,51,45,59,131,135,143
97,65,44,42,54,126,105,105
61,57,47,53,60,102,96,72
56,68,78,119,71,104,99,57
52,68,90,139,86,132,116,53
57,83,123,198,106,166,127,63
62,93,142,252,132,220,147,66
63,97,149,285,152,259,143,67
59,98,151,296,154,274,144,72
63,102,158,354,168,287,130,70
60,97,148,368,171,304,120,62
57,93,144,389,198,292,94,59
57,89,141,388,237,271,91,61
56,84,135,418,250,254,78,56
53,91,132,389,273,227,78,55
55,87,125,374,288,177,71,56
57,85,120,333,269,136,70,55
63,90,128,353,283,124,67,53
63,92,124,317,291,233,78,57
61,78,112,292,270,324,93,56
60,73,106,274,260,432,102,52
71,74,102,267,296,518,107,59
65,65,90,203,254,541,111,56
63,53,79,164,233,526,102,51
63,51,81,159,224,486,86,49
61,50,78,132,214,395,78,49
42,36,62,107,144,279,73,37
39,30,51,98,115,248,66,36
36,31,48,86,105,213,66,33
41,36,46,70,101,183,63,34
37,34,44,62,91,208,60,34
37,34,42,50,99,210,57,32
33,36,40,48,95,174,51,31
34,34,38,44,89,147,45,30
25,28,31,40,76,148,42,27
28,26,29,40,64,93,36,25
30,26,32,40,45,64,31,25
30,25,32,38,44,76,30,24
28,24,31,38,43,70,27,23
29,27,43,51,44,73,27,22
28,29,48,50,38,71,27,22
29,30,47,57,44,75,26,21
29,34,51,73,55,108,27,22
33,41,58,95,60,169,37,27
32,39,49,93,59,174,36,26
31,39,44,94,64,193,41,28
29,41,45,93,63,201,41,28
29,39,42,93,69,190,43,27
25,37,37,79,68,155,37,23
24,39,38,75,75,150,37,24
25,40,41,85,73,129,33,21
24,36,39,80,72,120,33,20
26,37,37,67,65,128,29,22
26,30,35,58,63,111,29,24
29,28,40,58,54,108,33,25
28,27,37,37,50,107,32,26
29,27,38,37,48,99,32,26
31,28,40,35,32,60,29,24
93,62,40,30,30,49,42,42
98,64,36,26,31,43,45,48
107,70,35,26,31,36,56,57
108,73,36,24,30,36,62,62
108,73,34,22,30,32,66,72
64,49,31,22,28,33,63,64
55,46,31,26,26,35,69,60
38,36,31,29,28,37,71,61
36,32,28,33,31,34,72,63
37,29,28,34,30,35,83,54
39,33,28,35,34,37,93,56
43,38,31,34,36,36,90,61
43,44,33,32,37,33,83,51
43,48,35,29,36,34,81,49
46,49,37,27,37,33,68,48
44,47,39,25,36,35,51,46
41,42,39,25,40,41,48,39
40,35,37,27,38,49,49,39
37,29,38,30,39,50,48,33
34,28,36,31,39,60,49,34
34,30,37,40,45,107,50,30
33,30,36,40,44,111,48,34
33,32,37,40,46,111,48,36
35,32,37,43,50,113,43,34
34,32,37,55,53,122,42,31
39,38,53,109,53,98,41,34
40,39,53,130,57,118,38,28
43,60,84,213,93,161,49,28
55,109,158,282,115,177,60,41
62,129,191,355,131,250,62,45
77,168,246,448,184,324,97,58
83,178,259,463,196,329,104,62
88,188,271,473,214,339,111,69
95,191,285,540,256,350,116,75
93,185,271,517,293,315,119,74
83,159,237,483,329,287,98,68
79,152,231,479,341,300,99,66
74,141,218,456,327,291,90,59
57,103,158,329,299,301,80,45
53,95,155,311,261,365,83,43
46,80,133,239,186,340,80,35
47,77,119,208,163,326,78,38
40,61,99,169,158,342,75,36
37,60,89,170,157,330,74,33
36,58,89,148,158,258,64,34
35,54,78,113,152,246,58,35
30,46,80,115,153,255,46,30
27,44,80,114,147,222,42,30
28,44,79,109,133,200,38,32
24,37,59,91,124,173,34,30
25,37,66,92,121,178,41,30
24,33,62,94,113,189,42,31
27,34,62,91,116,174,41,30
27,28,57,80,105,177,42,29
27,27,59,79,101,213,44,28
27,29,54,78,89,212,39,26
26,28,51,75,72,178,35,22
26,29,48,74,70,175,38,23
23,28,48,72,74,179,36,21
25,33,50,73,75,163,40,24
24,32,49,69,69,150,40,24
27,34,46,58,80,151,42,25
26,33,48,58,90,166,42,24
26,32,46,58,86,163,42,26
27,29,44,55,86,144,35,24
26,26,40,49,83,138,34,22
28,26,45,66,76,135,32,23
27,25,45,69,60,118,32,24
28,25,44,67,69,123,33,22
26,25,41,80,78,141,37,24
25,24,41,80,80,143,35,24
22,23,53,89,82,152,40,23
23,25,60,102,86,150,38,23
23,26,61,107,78,140,37,23
24,26,61,97,65,137,35,23
24,27,60,97,61,133,35,22
24,26,48,77,50,122,27,23
23,25,39,56,42,120,28,21
21,21,36,56,47,111,28,21
20,23,34,52,44,72,24,18
20,21,33,52,44,66,23,21
21,21,31,51,44,54,23,19
19,20,29,48,39,44,20,21
21,21,29,34,29,41,20,24
22,22,30,33,30,44,23,25
21,22,31,31,33,53,27,25
22,22,31,31,32,53,28,24
23,22,31,31,33,53,30,24
21,22,31,27,31,54,31,23
23,20,31,35,32,45,29,23
23,21,33,39,30,36,24,22
22,22,31,40,35,64,27,22
23,21,33,41,34,68,26,20
25,26,35,51,38,69,28,22
23,25,36,48,36,70,28,20
23,25,34,48,38,69,30,20
26,25,34,77,157,46,28,21
28,27,32,93,236,50,30,23
27,25,30,100,272,51,29,25
41,30,29,101,280,51,30,25
77,44,32,102,296,52,31,26
78,46,31,85,272,49,30,26
79,46,31,70,228,46,27,25
80,47,29,57,191,43,24,21
76,44,28,59,191,45,25,21
39,30,27,59,170,44,23,22
34,29,29,56,149,44,22,22
34,32,40,59,141,37,24,28
33,31,48,69,186,41,27,29
30,31,50,68,201,42,27,30
40,34,50,71,216,46,28,31
40,33,51,74,215,47,28,31
42,28,45,72,217,50,30,30
41,28,41,63,201,59,30,29
40,29,41,63,218,63,32,56
36,25,40,82,245,85,56,71
45,27,39,92,268,88,68,78
44,29,39,102,288,91,82,90
47,33,36,118,313,96,98,104
53,33,33,124,308,99,117,131
54,40,40,121,304,96,134,143
54,40,39,131,286,104,133,151
53,38,37,136,282,106,136,155
53,36,36,123,246,104,144,193
47,35,38,122,251,118,137,189
48,28,32,117,226,107,114,178
51,29,39,101,237,111,109,174
51,31,41,84,211,108,94,164
49,31,41,87,214,106,64,106
50,33,41,96,206,84,45,72
45,35,40,90,199,97,43,62
33,34,38,87,184,83,42,65
49,36,36,86,174,81,43,65
48,37,36,79,160,80,40,75
47,37,37,63,121,83,53,83
47,34,39,68,159,65,63,90
45,32,35,65,166,65,63,79
26,30,36,70,175,83,61,80
27,28,37,75,175,91,61,71
31,26,36,68,174,95,48,56
43,27,35,60,144,96,34,72
45,29,36,61,130,94,34,75
44,30,35,58,123,83,33,76
43,28,33,49,123,75,34,76
41,30,33,52,149,73,34,76
29,31,34,50,136,72,34,52
29,31,37,53,147,72,36,56
31,31,38,51,160,66,37,53
30,31,40,54,155,67,36,50
32,31,41,51,127,56,34,51
31,28,40,52,126,54,32,52
31,27,37,49,134,54,29,69
28,27,36,46,120,59,28,68
28,28,33,46,118,56,29,69
25,26,29,47,133,61,31,67
25,29,30,53,136,65,33,66
25,29,28,50,115,66,35,45
24,27,26,54,104,62,35,44
26,26,27,53,113,106,36,45
26,27,29,52,98,111,36,44
26,26,31,47,88,114,35,44
24,27,30,49,86,115,31,34
28,25,30,62,97,116,31,34
28,26,30,60,76,82,32,37
35,25,29,64,80,77,33,41
85,27,27,68,84,71,35,73
88,27,27,67,87,73,38,74
89,27,27,52,71,70,40,73
96,31,29,52,72,85,38,72
103,30,30,50,69,87,38,73
77,29,30,43,68,93,40,44
76,29,30,42,71,91,41,41
78,30,31,54,78,104,37,44
70,28,32,54,81,91,40,43
60,28,31,49,78,91,39,39
45,28,31,56,83,82,34,33
41,26,31,62,80,80,32,30
33,24,28,54,90,76,35,27
31,25,25,53,92,79,37,28
27,26,26,58,119,83,37,26
42,28,26,57,130,89,38,27
43,31,26,51,138,101,39,29
46,32,34,50,141,92,39,30
46,31,34,54,145,94,38,29
46,33,36,55,164,117,41,30
51,32,38,50,166,131,40,33
51,31,39,51,187,123,37,31
55,32,36,51,191,129,39,31
53,33,36,56,232,125,35,31
54,32,35,53,231,135,36,54
46,30,31,61,251,129,39,54
46,31,32,61,244,135,40,55
41,30,29,60,256,148,40,58
46,31,28,53,226,147,43,65
49,32,26,53,214,132,43,57
44,31,26,46,203,127,48,58
45,31,28,47,200,123,49,58
60,34,30,55,210,101,46,65
60,36,32,59,215,103,47,59
59,35,34,60,214,89,44,54
57,36,35,63,203,88,36,53
58,35,37,68,215,104,32,66
53,35,36,62,193,103,36,62
51,32,34,66,205,106,35,65
53,31,34,66,203,131,37,69
54,31,33,64,200,131,44,72
58,34,31,57,191,123,47,60
52,31,33,58,187,123,46,68
53,33,34,50,162,118,48,74
49,32,35,56,196,88,47,79
55,33,37,55,200,95,40,76
49,32,37,57,187,89,37,77
46,33,36,63,201,104,37,71
42,29,36,66,201,104,31,63
39,29,35,58,170,96,30,48
36,33,32,57,157,84,31,45
36,32,30,58,181,96,34,43
34,33,28,52,151,79,34,45
37,34,29,49,160,79,34,43
57,37,31,53,173,79,34,45
57,36,35,55,178,80,33,44
58,35,35,52,178,78,31,43
59,33,37,50,191,79,30,33
69,40,38,48,199,84,30,33
54,38,37,45,204,89,30,30
51,34,37,45,207,89,27,32
51,36,39,41,195,80,24,32
51,37,37,40,190,99,28,28
34,28,33,40,174,97,32,26
51,31,33,50,153,92,33,27
59,34,29,49,145,94,35,24
59,33,26,54,162,89,35,23
61,31,29,59,182,78,30,24
60,31,31,61,216,89,29,27
57,30,30,53,210,91,28,25
64,35,32,56,211,92,30,31
65,35,32,56,188,99,34,35
64,36,31,53,161,94,39,54
70,38,30,55,115,87,41,54
62,36,30,58,122,102,45,56
51,32,31,60,138,120,46,56
50,33,33,58,137,122,48,64
49,34,32,54,140,131,47,61
48,36,33,55,134,131,44,62
48,39,35,52,129,119,42,61
43,36,33,47,102,94,37,60
42,35,33,52,129,91,32,50
43,37,36,58,148,77,37,34
33,33,36,57,168,83,35,32
41,30,34,54,171,103,39,29
41,29,33,53,186,108,38,26
42,31,31,46,169,111,40,42
47,32,27,51,158,110,39,43
50,32,28,49,132,104,40,43
43,31,29,49,129,85,35,43
52,31,31,51,108,83,35,44
58,32,30,52,119,75,33,31
54,27,36,39,112,77,27,30
53,27,33,38,119,81,25,27
58,29,32,42,117,87,28,27
54,28,30,41,139,84,32,28
47,25,31,42,136,83,32,25
45,27,26,43,132,85,33,29
44,28,27,49,140,87,33,28
38,26,27,47,140,83,32,27
40,30,26,44,117,85,29,25
41,33,27,42,106,93,31,25
41,32,26,44,113,89,36,26
40,31,26,38,94,80,36,29
38,30,26,41,103,82,35,29
31,29,26,41,107,93,37,29
29,25,27,43,105,92,42,31
36,26,29,42,94,89,40,30
48,26,29,45,90,105,47,36
50,26,27,40,71,96,49,37
49,24,29,43,112,104,48,37
49,28,29,47,123,99,42,36
43,29,27,51,125,101,40,34
45,29,29,46,125,84,30,28
48,33,31,46,129,84,24,26
49,33,35,46,98,91,27,26
49,31,38,48,105,93,26,27
50,30,40,48,129,93,26,27
46,30,38,52,160,93,27,22
50,33,38,54,174,98,28,23
52,31,36,57,187,85,28,27
54,33,33,51,179,87,29,28
58,35,33,49,166,87,28,27
49,36,34,49,144,83,27,30
48,34,32,47,141,92,27,29
44,34,30,41,119,83,24,24
46,34,29,41,118,76,22,29
44,34,28,43,142,81,20,30
44,31,29,44,148,88,21,28
37,29,31,47,148,96,27,30
36,31,30,46,148,91,27,30
36,28,31,43,149,91,28,24
44,31,31,39,121,85,27,24
49,32,32,35,111,83,30,24
52,31,31,30,101,76,28,34
128,29,38,42,112,85,29,49
173,39,42,51,119,91,37,98
179,36,42,53,128,95,38,108
191,36,42,51,126,95,37,112
220,44,42,52,118,87,35,138
212,47,38,52,123,87,42,155
223,42,34,52,129,101,36,148
218,41,31,56,120,97,35,145
210,45,29,55,116,96,35,143
179,39,31,58,116,90,36,116
152,35,28,56,117,86,26,85
64,33,27,57,144,89,29,48
62,36,27,54,161,97,32,37
49,31,30,56,167,99,30,33
54,34,30,56,178,99,31,28
56,35,32,62,204,104,31,29
57,36,35,58,193,94,29,30
63,35,37,61,185,93,26,28
62,36,36,64,195,95,27,26
54,35,35,64,188,106,29,30
53,36,34,72,188,101,27,29
62,36,31,70,177,101,27,27
52,33,29,67,184,96,27,29
52,34,28,69,186,98,28,30
55,32,31,68,184,86,25,26
48,29,28,52,146,103,28,24
37,28,37,51,171,99,26,25
54,31,39,54,159,99,25,22
56,30,40,48,165,107,27,21
55,30,40,51,178,108,28,24
54,30,43,50,179,90,26,24
52,29,38,56,155,89,28,23
41,26,36,52,168,97,30,29
50,33,37,52,156,83,31,31
50,32,34,52,158,82,33,30
57,33,33,52,175,84,32,31
61,37,35,52,191,96,31,34
57,35,36,59,210,102,33,35
57,30,37,61,215,106,32,34
58,33,39,63,219,107,29,33
53,33,40,63,209,115,32,32
48,29,36,60,195,98,33,29
59,32,35,59,196,93,28,24
58,35,33,59,181,95,28,29
57,33,31,54,165,94,28,28
56,34,31,65,166,85,24,30
65,35,29,63,181,87,21,30
58,34,28,57,167,81,25,29
53,30,30,57,176,72,24,26
56,32,34,60,191,72,25,29
63,33,34,50,199,78,26,27
55,31,37,50,213,87,27,26
53,34,39,55,228,88,28,26
52,33,40,56,235,87,30,36
47,32,37,54,238,96,37,40
46,32,36,59,225,92,36,43
44,32,35,61,197,95,37,44
44,29,34,56,163,88,35,44
44,32,32,59,162,92,33,36
45,33,31,63,176,82,28,32
45,31,32,57,211,86,30,27
46,31,30,56,214,70,30,45
45,32,28,57,231,81,32,48
52,32,29,54,285,77,33,50
51,32,31,48,273,76,32,50
55,36,28,56,264,79,33,51
56,37,31,53,278,83,32,35
59,36,31,59,268,77,32,33
62,36,30,57,207,79,33,32
61,35,28,56,199,85,34,45
50,32,32,72,251,77,35,45
49,32,30,73,235,78,37,45
46,31,31,67,246,86,40,45
44,29,34,73,274,88,41,45
46,30,37,72,275,80,38,31
46,27,36,52,216,81,35,28
44,27,38,56,256,84,35,30
46,28,36,55,241,73,29,27
34,25,37,47,200,67,28,23
49,29,33,48,195,72,36,29
48,28,31,43,185,71,37,29
47,27,31,40,110,59,36,27
49,28,30,40,116,62,36,26
49,28,25,45,128,59,33,26
33,24,26,46,148,50,26,20
54,31,30,53,165,62,33,31
54,32,29,54,168,64,34,46
55,31,30,55,156,64,36,49
62,34,34,56,142,68,40,53
62,35,33,68,116,76,41,54
45,31,35,67,108,67,35,50
46,32,37,70,102,67,37,36
44,32,39,73,110,80,33,34
31,31,38,72,104,86,29,27
31,29,38,60,104,86,25,24
44,30,35,61,86,89,28,22
48,34,35,59,86,123,25,30
50,34,33,55,76,119,30,30
52,35,33,53,93,117,31,30
55,35,33,53,101,119,30,30
44,35,35,45,115,118,31,32
39,30,34,41,129,87,30,23
34,31,38,42,184,106,30,24
32,29,36,45,181,112,32,23
36,30,39,47,180,110,35,27
37,27,38,48,174,109,32,26
39,27,38,50,162,107,32,29
39,28,42,57,97,82,29,27
39,28,43,57,90,70,27,29
31,28,39,54,87,61,24,24
28,29,41,55,81,59,25,23
25,28,42,54,76,54,26,23
25,27,33,45,73,53,29,29
24,31,36,47,63,57,34,31
24,32,44,56,56,66,38,34
24,32,45,57,55,67,37,35
25,35,48,57,55,84,38,36
50,32,49,58,55,86,37,49
59,31,50,59,52,81,51,50
61,31,45,54,45,75,50,49
64,33,45,51,44,71,52,49
66,32,42,63,45,59,51,50
51,33,42,65,44,53,50,35
41,31,38,61,45,53,29,34
37,30,34,59,46,51,26,31
35,27,32,60,43,53,36,35
35,26,32,47,40,46,43,37
33,29,41,51,50,56,47,35
33,32,41,51,63,66,60,37
35,32,42,49,69,66,63,39
33,32,41,48,70,65,59,35
29,30,38,48,70,68,57,31
26,28,29,37,69,62,54,33
24,23,29,35,63,58,38,26
21,21,28,36,56,57,34,26
20,20,27,43,82,57,33,26
18,21,29,45,91,47,28,23
20,23,30,48,91,52,28,26
21,23,30,54,118,46,29,27
21,25,31,57,134,58,29,25
22,27,32,55,132,59,29,26
21,26,30,54,133,63,31,26
21,28,27,62,137,74,31,27
22,30,28,61,135,92,30,27
22,30,27,60,120,89,30,30
21,27,32,76,153,113,33,31
25,32,32,101,158,118,31,46
25,29,31,99,157,111,32,48
26,28,35,113,239,110,36,56
29,27,40,121,333,117,78,81
32,30,42,130,341,113,132,105
32,29,44,124,348,112,140,116
34,28,46,152,371,116,145,118
32,30,44,146,380,105,147,118
30,33,44,148,349,116,141,153
29,32,44,143,357,108,99,145
27,32,45,157,362,108,92,150
23,33,43,137,351,103,96,150
23,30,43,137,299,109,110,154
24,27,40,136,257,96,106,110
22,28,39,133,223,124,107,109
24,29,40,111,204,128,108,90
27,28,45,110,191,135,99,86
29,32,49,109,171,154,83,78
28,33,49,102,154,154,69,72
32,35,55,92,141,142,58,58
32,36,62,93,140,138,50,50
34,41,71,84,142,136,51,50
34,40,73,82,143,135,45,48
40,41,78,79,147,147,45,44
39,38,75,77,142,134,45,41
38,37,70,69,138,139,47,38
38,34,61,70,115,132,42,37
38,34,55,63,97,105,41,40
33,34,49,63,82,105,44,40
33,37,48,61,78,121,44,37
32,35,44,58,81,114,41,35
31,32,41,51,81,119,42,40
39,34,42,63,83,121,51,53
57,38,43,63,81,97,64,74
55,36,43,62,76,81,63,75
57,36,43,68,98,83,64,76
57,35,41,70,106,77,64,73
51,33,42,54,104,69,56,62
30,26,39,52,113,106,36,32
29,24,39,54,112,106,33,31
26,24,38,46,79,103,31,28
26,25,39,42,70,105,27,26
27,27,36,48,104,104,21,24
27,26,33,50,97,72,21,22
29,26,31,51,167,69,20,20
30,27,29,60,189,75,19,19
29,26,28,64,201,70,19,21
27,25,28,64,218,72,22,20
27,25,28,65,236,67,23,21
26,27,30,77,247,59,23,21
23,25,32,77,232,46,23,22
22,28,34,83,230,52,27,20
22,27,34,81,206,56,27,20
22,26,35,83,196,60,26,22
22,28,33,86,160,65,27,23
22,31,32,80,191,72,28,24
22,28,29,73,223,88,29,45
25,28,31,74,264,100,37,54
25,29,34,99,324,104,40,56
25,29,33,90,318,105,40,71
24,26,33,93,308,103,44,73
24,31,34,93,290,99,43,63
23,32,31,96,269,83,37,57
22,29,29,69,189,84,36,54
21,27,26,71,185,86,36,31
24,26,26,74,182,92,29,27
25,23,27,76,177,81,26,25
25,24,30,72,149,85,24,24
28,28,35,87,146,78,20,24
31,29,37,83,147,80,19,27
31,32,40,82,141,70,22,28
32,32,42,78,123,64,23,32
32,33,45,85,112,59,27,36
31,33,44,67,103,62,30,36
29,33,45,62,76,46,41,39
28,31,42,57,75,46,43,42
30,32,47,57,77,68,45,39
28,29,43,45,84,71,43,35
29,28,42,47,89,74,41,34
29,26,40,52,87,74,35,33
35,29,43,48,75,74,33,32
32,23,34,46,76,56,37,31
33,24,34,43,71,51,37,31
31,27,33,44,85,56,38,32
32,30,32,43,84,69,37,27
29,28,31,47,80,71,38,27
39,29,32,49,78,73,37,32
40,28,33,49,79,79,37,31
40,27,31,47,58,69,36,31
37,25,33,50,64,64,38,31
34,29,30,46,89,62,35,28
22,28,28,47,103,65,29,20
22,29,28,55,122,59,29,20
22,28,33,65,154,58,31,21
22,27,31,73,172,61,30,23
24,26,34,75,168,79,30,23
23,30,36,87,172,76,31,25
23,29,37,86,213,78,31,25
25,31,33,97,220,97,33,30
50,35,44,148,227,97,42,50
61,32,45,172,282,96,46,51
64,31,47,177,329,106,62,69
65,31,46,176,313,107,90,99
68,30,47,174,321,90,96,102
56,27,40,137,318,83,94,99
44,30,37,111,285,79,94,106
40,33,34,114,237,70,88,112
40,34,36,121,239,86,101,120
35,34,34,119,229,91,102,120
29,34,35,111,238,106,101,118
29,34,37,114,225,99,101,112
28,32,37,94,209,97,98,96
24,30,39,87,181,82,59,50
34,36,56,95,151,78,46,42
34,36,68,102,110,58,46,36
36,37,77,94,92,60,44,37
38,36,83,98,111,58,41,35
39,37,88,97,108,58,35,36
34,36,89,104,101,59,35,35
38,36,81,92,95,57,31,39
36,36,71,88,87,58,28,39
34,36,64,82,63,50,30,39
33,36,57,85,78,55,28,37
35,29,41,58,68,91,33,38
31,30,38,70,65,93,37,35
36,30,54,71,78,92,38,33
39,31,54,72,78,93,39,34
41,29,56,74,61,98,40,33
38,30,55,70,62,62,48,34
39,29,57,58,70,65,47,31
32,31,44,60,96,65,46,35
29,30,43,58,116,70,44,32
27,34,40,53,122,57,43,32
23,32,39,51,124,55,30,28
21,31,33,51,123,46,26,29
22,29,32,52,131,40,25,23
21,28,32,62,172,32,24,25
21,23,31,72,224,36,22,25
20,24,30,81,248,41,20,22
43,31,34,112,296,51,29,50
44,33,44,120,301,56,30,53
46,34,44,129,313,57,32,53
48,38,47,145,314,71,36,55
50,38,46,143,310,70,39,63
33,39,45,122,271,67,36,48
31,37,40,114,251,62,34,46
27,38,39,97,208,60,33,47
23,34,35,60,179,44,29,43
20,35,40,54,155,45,25,32
24,32,45,62,154,42,23,30
23,35,54,61,152,43,22,29
25,34,56,68,138,43,25,29
26,34,60,64,89,35,29,28
27,33,58,64,78,33,29,28
25,30,54,63,50,31,30,24
26,34,53,73,51,30,34,24
30,36,51,79,48,34,37,25
30,37,49,83,50,36,40,28
32,37,49,85,50,34,42,30
39,36,48,94,47,32,45,40
50,34,48,97,45,34,52,43
67,34,50,93,43,38,59,65
96,36,48,90,39,40,69,75
129,40,55,91,40,42,78,87
144,40,56,77,38,44,78,91
164,37,47,59,32,44,73,99
160,34,45,53,32,39,68,101
148,37,59,77,37,38,61,98
124,34,57,79,40,38,49,88
105,33,55,77,41,38,46,85
63,32,56,77,45,38,43,74
56,32,55,75,48,37,39,51
45,28,43,49,53,35,31,42
33,30,43,52,50,31,24,37
29,31,46,58,87,33,25,29
29,32,44,60,130,38,25,28
29,34,44,60,162,39,26,26
28,33,39,82,205,40,26,24
26,30,31,86,219,53,24,23
27,29,31,89,228,55,29,23
26,28,29,93,243,53,28,23
27,27,31,95,243,55,28,24
25,27,30,81,234,55,29,25
24,29,35,83,271,65,34,22
22,30,35,76,280,65,32,22
23,31,36,77,262,68,37,57
21,31,35,78,259,66,39,60
30,34,35,80,277,67,45,91
46,40,31,64,249,48,57,94
49,42,29,77,277,55,75,111
49,42,32,78,334,51,77,109
51,42,36,81,344,53,88,114
47,40,38,78,321,53,86,93
35,30,37,80,350,61,78,91
33,30,40,83,344,60,63,86
33,29,35,77,290,59,58,75
30,29,32,71,278,63,39,65
28,28,27,73,276,62,36,63
27,27,27,95,257,55,35,61
27,24,22,86,231,51,30,34
27,24,25,87,243,49,30,26
28,23,25,88,237,42,29,26
29,23,24,86,234,46,28,25
26,24,27,57,193,55,27,24
24,23,28,57,182,62,25,23
23,24,31,64,167,89,25,21
22,24,30,62,159,88,24,20
23,26,33,63,155,93,24,22
24,29,36,65,155,87,24,22
22,31,42,63,133,80,24,21
21,30,38,53,134,49,22,23
21,30,39,52,129,49,21,22
19,27,38,59,139,43,21,23
18,24,35,80,139,44,20,21
18,24,27,131,144,43,21,23
18,23,28,166,118,50,25,22
18,31,37,251,115,47,27,24
19,33,39,416,86,44,27,24
20,33,38,430,98,42,28,24
21,34,39,424,88,40,28,24
23,34,42,423,255,38,24,25
24,35,41,385,356,42,27,26
24,32,47,219,409,46,25,25
24,32,54,213,479,55,24,26
33,33,62,252,573,617,24,34
46,39,87,648,558,807,28,42
71,43,127,793,561,863,48,61
71,42,260,917,617,987,256,61
73,43,472,956,694,1023,409,61
71,44,602,978,660,854,438,58
71,44,1014,914,702,730,565,58
59,124,1074,869,763,734,836,43
94,259,1142,809,769,904,1065,72
100,404,1204,913,802,1029,1048,79
116,471,1174,982,881,1097,1228,92
121,574,950,932,1015,1157,1228,96
118,594,916,911,997,1184,1125,94
95,586,852,891,1006,1011,912,75
88,514,711,789,1007,878,927,68
72,521,702,689,935,834,665,54
58,435,615,704,769,773,627,42
55,444,565,739,700,709,551,42
77,441,492,707,644,661,569,42
148,448,466,681,457,630,577,48
213,487,432,663,437,563,632,44
289,491,380,576,384,621,611,91
337,501,468,571,439,640,605,190
416,554,588,634,496,682,624,373
515,642,723,728,616,752,657,690
764,600,854,855,705,842,702,903
1014,735,947,917,727,777,692,1063
1224,822,977,936,737,746,710,1163
1350,893,1002,927,715,893,789,1389
1477,889,1003,870,657,926,837,1404
1442,928,932,819,643,1112,841,1323
1315,896,911,841,750,1231,917,1237
1224,837,937,853,838,1326,913,1276
1172,794,1047,911,1017,1255,954,1094
1031,889,1019,1052,1098,1255,968,1089
1027,1093,1089,1097,1221,1080,980,1210
1064,1097,1245,1106,1255,1087,1018,1266
1076,1266,1236,1162,1351,1070,1150,1252
1118,1321,1152,1229,1312,1144,1131,1336
1256,1357,1255,1226,1380,1233,1300,1309
1303,1234,1232,1280,1331,1256,1369,1267
1361,1278,1141,1299,1323,1287,1453,1395
1420,1162,1241,1212,1229,1348,1433,1537
1347,1141,1289,1149,1161,1355,1453,1514
1292,1146,1243,1111,1137,1371,1460,1523
1227,1117,1295,1127,1287,1465,1472,1562
1162,1126,1428,1200,1343,1387,1421,1560
1027,1152,1390,1356,1313,1317,1544,1358
957,1083,1307,1484,1362,1292,1460,1270
772,902,1318,1592,1279,1235,1326,1150
642,846,1347,1525,1022,1178,1217,970
452,750,1248,1420,905,1142,1084,664
262,736,1191,1249,1064,1135,733,574
251,876,1225,1085,952,1096,689,435
309,911,1173,804,1019,1025,415,400
717,964,1156,852,1115,977,243,414
896,1047,1184,905,1169,1133,161,417
1084,1193,1218,924,1162,1220,416,566
1133,1284,1316,999,1182,1314,878,664
1122,1376,1393,1124,1228,1509,1272,673
918,1556,1442,1065,1255,1657,1505,690
743,1617,1360,987,1374,1662,1565,637
394,1477,1353,952,1413,1737,1523,484
201,1433,1286,861,1659,1729,1311,303
117,1568,1237,717,1668,1720,934,277
65,1472,1136,626,1725,1640,474,128
39,1543,1189,587,1640,1492,196,87
33,1600,1340,595,1564,1306,85,85
27,1533,1383,574,1463,1424,46,86
453,1339,1502,717,1329,1292,30,74
968,1268,1550,875,1173,1190,22,370
1234,1238,1508,905,1184,1254,18,665
1322,1280,1356,913,1235,1284,17,908
1565,1494,1245,881,1229,1297,15,1180
1532,1661,966,786,1242,1415,186,1236
1332,1743,746,665,1242,1474,767,1250
1111,1626,558,613,1137,1639,974,1165
1285,1634,381,585,996,1586,1016,1011
1198,1443,241,501,712,1355,1272,684
1214,1201,200,346,664,1137,1292,579
1204,999,114,137,572,975,1073,410
1377,1028,218,638,619,542,973,484
1277,1142,299,1039,845,787,1168,769
1275,1200,734,1115,1127,963,1109,1039
1435,1360,947,1346,1331,1199,1277,1114
1497,1427,1074,1463,1470,1454,1296,1127
1374,1353,1175,1440,1543,1645,1256,1054
1295,1103,1208,1210,1434,1687,1043,841
1199,1305,1062,1244,1322,1790,801,451
1127,1308,1195,1046,1205,1660,398,199
1227,1531,1251,1018,1215,1528,266,94
1199,1629,1268,958,1126,1323,135,50
1190,1628,1318,1015,1198,1117,610,638
1275,1354,1377,1048,1172,706,842,998
1135,1160,1222,1097,1249,613,1214,1209
967,704,1176,1114,1139,718,1334,1373
949,588,1302,1080,1142,1048,1437,1440
876,710,1438,1016,1058,1213,1410,1467
567,827,1452,938,1101,1459,1451,1535
507,1085,1568,1057,1070,1707,1424,1523
249,1110,1575,1123,1296,1719,1590,1545
157,1010,1525,1209,1347,1640,1594,1607
108,896,1396,1235,1460,1637,1517,1684
80,784,1313,1425,1447,1550,1362,1523
357,346,1161,1363,1405,1464,1080,1486
583,254,1161,1341,1263,1464,599,1369
923,152,1215,1251,1286,1385,256,1353
989,88,1321,1356,1252,1284,114,1296
1211,73,1350,1278,1232,1136,55,1343
1401,62,1332,1221,1186,867,44,1389
1394,45,1325,1239,1197,537,32,1376
1209,33,1220,1274,1221,424,23,1256
1161,21,1077,1330,1191,386,18,1013
929,17,1101,1280,1352,353,13,804
811,497,1170,1363,1329,347,12,462
1024,807,1308,1334,1352,343,10,310
1372,1098,1257,1352,1267,296,9,271
1626,1341,1361,1419,1273,99,8,191
1821,1534,1405,1404,1054,76,8,123
1870,1686,1481,1356,1076,97,8,83
1798,1633,1383,1264,930,139,97,74
1624,1467,1433,1288,983,452,643,70
1446,1251,1365,1176,1068,585,933,68
1259,1006,1361,1139,1195,833,1107,58
1255,525,1353,1208,1214,1031,1118,50
1219,222,1444,1239,1311,1143,1117,51
1219,595,1363,1181,1386,1275,921,54
1154,691,1361,1134,1312,1348,628,46
1279,1030,1307,1303,1347,1364,208,46
1158,1095,1212,1273,1571,1305,132,52
1361,1103,1125,1312,1653,1249,435,53
1382,951,1290,1319,1596,1302,794,54
1414,903,1202,1274,1549,1412,862,53
1272,629,1123,1044,1488,1441,904,60
1340,804,985,931,1360,1476,1096,62
1240,978,755,834,1192,1585,1324,71
1349,1064,278,731,1098,1565,1324,77
1502,1104,178,770,1166,1497,1558,80
1669,1056,551,771,1162,1485,1621,76
1672,857,749,768,1204,1482,1562,107
1702,686,987,1048,1283,1459,1426,103
1608,522,1294,1229,1409,1408,1543,124
1548,409,1520,1146,1543,1362,1385,122
1343,333,1551,1277,1567,1274,1394,127
1164,318,1568,1267,1520,1343,1355,105
893,200,1518,991,1469,1309,1238,106
718,195,1464,747,1304,1303,938,76
340,177,1499,707,1023,1237,1002,268
304,180,1418,317,809,1163,1079,351
283,215,1462,275,522,935,1137,631
232,229,1490,296,233,779,1150,769
214,248,1451,328,249,454,1099,1016
197,621,1296,321,230,304,873,1093
195,1050,1462,326,219,273,549,1192
140,1074,1583,267,199,255,290,1205
116,1088,1592,225,167,225,195,1190
87,1092,1538,154,123,177,117,1109
93,961,1505,125,120,170,86,1203
87,700,1480,113,109,148,75,1187
89,864,1203,103,110,148,89,1089
94,866,1050,105,128,141,559,1035
92,1017,928,110,131,139,905,910
74,1067,816,102,124,112,929,624
71,972,392,91,120,88,937,393
63,817,304,89,122,71,938,269
53,807,260,98,87,68,759,174
54,616,224,85,82,64,266,135
51,461,173,81,81,50,164,98
62,355,157,82,85,55,106,81
71,293,147,81,78,59,75,71
74,249,137,57,73,57,74,71
73,158,115,50,68,56,68,67
72,133,94,51,67,60,58,62
59,95,71,47,59,50,56,56
50,79,57,52,61,45,56,52
44,69,50,50,57,41,39,46
42,72,50,50,59,42,44,46
39,67,49,49,57,35,49,50
40,61,49,49,59,40,51,53
38,63,51,51,61,41,50,51
38,70,51,53,62,44,51,55
67,98,64,61,76,83,51,80
93,227,95,71,129,112,48,113
108,311,109,78,159,143,51,120
120,336,114,75,170,159,56,125
127,349,113,78,176,161,59,124
137,401,135,116,231,170,61,127
124,399,124,115,241,199,75,115
116,351,125,115,231,183,76,120
104,343,125,128,230,186,73,116
96,337,131,133,232,214,72,130
72,296,104,111,207,240,65,120
69,238,97,115,178,257,49,109
66,245,84,118,168,256,55,100
67,222,81,103,161,246,54,100
66,213,75,93,151,220,52,79
55,166,67,76,101,169,56,66
53,134,65,63,75,71,59,60
47,67,57,52,69,63,57,51
45,62,50,51,65,54,57,50
44,55,44,58,66,55,59,52
49,46,47,58,65,55,60,50
59,45,43,58,65,50,55,50
60,47,44,55,67,54,47,50
58,46,48,57,68,52,46,49
57,45,48,54,67,53,41,46
56,56,43,53,67,49,39,48
42,59,43,54,78,53,38,43
38,63,46,58,79,46,42,44
38,63,45,56,77,51,43,42
39,61,48,60,82,55,49,44
33,56,49,60,79,55,46,45
36,53,48,59,68,60,55,52
39,50,45,57,68,68,60,50
40,52,47,61,71,73,69,56
39,54,47,60,67,75,74,68
49,54,50,66,74,100,95,82
53,60,55,66,73,114,103,78
61,66,68,72,83,125,123,84
65,68,76,74,89,150,139,94
71,75,78,77,96,173,147,91
72,79,82,73,94,183,155,92
75,81,86,73,98,195,166,96
72,87,82,75,97,205,158,103
75,88,82,74,101,199,152,96
75,89,78,70,97,187,146,97
79,82,74,70,94,170,125,92
74,77,66,71,93,146,101,91
72,65,61,64,83,121,93,82
77,61,49,58,70,103,75,77
72,54,47,59,65,94,68,68
68,54,43,61,76,107,73,72
94,78,42,57,76,118,84,76
140,88,52,56,79,130,97,91
185,111,68,61,88,141,112,107
204,138,79,73,88,147,138,137
213,148,103,87,103,178,166,153
205,151,115,89,106,191,180,163
177,160,122,95,115,205,190,177
128,152,121,96,119,220,198,182
103,131,128,88,121,231,198,178
84,120,123,84,115,231,191,169
87,107,121,83,112,216,180,161
92,89,117,83,102,199,171,144
94,79,113,83,91,174,157,135
88,74,102,82,91,153,138,121
87,80,90,73,81,99,115,118
88,79,80,79,81,96,107,121
105,83,76,72,78,95,96,120
123,109,84,81,87,88,95,152
152,137,85,85,84,109,97,146
168,156,92,82,86,145,106,143
172,162,96,79,83,147,115,146
173,163,102,82,86,144,114,146
162,152,98,78,74,176,123,116
140,126,100,77,76,168,125,117
121,98,93,79,68,134,116,116
110,83,89,79,75,134,105,104
101,87,74,83,71,129,104,93
95,84,68,83,79,76,83,76
87,87,54,77,73,57,75,75
84,85,53,78,72,75,75,68
87,83,49,75,62,72,73,73
72,66,48,65,64,77,75,77
75,67,53,65,68,84,79,86
101,147,97,105,135,194,91,129
115,157,104,105,149,199,118,163
128,173,121,115,163,226,138,187
151,187,127,119,168,228,159,197
167,201,127,116,167,234,165,212
157,161,122,85,128,170,171,203
158,168,119,100,115,166,166,183
161,161,107,91,110,146,156,166
150,149,103,92,131,145,139,164
152,137,103,137,168,162,135,145
150,165,89,173,181,194,123,132
199,342,128,178,256,213,109,127
363,379,250,229,353,353,257,208
641,510,386,429,536,557,337,420
737,614,450,530,742,785,372,487
788,691,483,609,795,866,383,553
807,690,502,641,822,910,389,566
768,706,462,634,829,879,313,558
569,641,363,531,730,776,231,432
451,562,284,425,525,554,174,362
365,455,222,285,441,402,145,253
287,344,159,202,345,284,132,239
219,265,129,176,232,235,119,197
184,207,110,135,206,195,100,163
127,138,90,106,161,147,79,140
85,131,94,106,136,133,71,128
87,108,76,85,141,103,60,87
76,99,75,79,112,87,53,70
68,86,80,77,97,81,43,64
62,76,79,72,89,73,43,60
55,69,60,70,91,57,43,56
49,63,60,64,75,61,46,54
51,46,52,61,69,64,50,53
48,48,46,69,77,65,58,57
51,49,54,75,77,62,65,59
53,53,60,71,73,60,64,66
50,51,60,75,79,61,73,67
45,54,62,74,78,55,75,74
47,48,59,67,78,57,77,78
44,45,53,65,80,53,77,86
44,39,47,67,79,55,80,86
48,46,44,67,78,53,71,90
51,45,42,66,75,53,79,86
91,47,42,68,74,69,98,141
131,178,52,86,100,154,100,163
152,226,50,96,108,183,100,179
163,234,58,98,111,186,102,184
166,236,57,108,123,197,95,189
151,242,57,110,124,196,73,154
120,174,54,100,119,150,67,126
90,106,55,93,121,124,64,98
87,92,49,95,151,166,65,86
84,89,56,85,152,158,75,77
76,74,61,83,156,166,79,72
77,65,59,82,144,167,84,72
84,63,63,87,170,183,84,75
90,63,86,91,163,177,81,72
92,60,85,99,161,184,68,71
94,69,83,101,159,175,64,75
92,71,87,102,173,183,60,76
94,71,90,105,166,174,83,87
136,92,91,116,165,177,86,96
144,97,90,112,172,171,91,95
144,91,91,110,170,172,91,93
152,93,84,115,160,169,90,93
149,90,80,113,139,157,74,80
97,66,52,95,108,115,71,67
80,57,51,92,86,110,71,67
76,56,48,90,81,106,75,59
59,58,49,78,74,82,74,59
61,60,46,69,72,75,70,58
54,59,51,65,76,71,77,73
55,59,50,64,77,65,79,75
60,58,50,66,79,62,80,78
59,57,53,72,86,59,86,81
60,57,54,72,79,61,87,79
58,55,50,73,80,54,84,68
59,54,51,70,78,55,81,66
56,54,51,68,76,60,79,63
55,55,49,62,75,60,71,59
48,52,47,63,81,61,76,63
51,49,49,64,78,70,71,62
51,51,46,68,80,72,70,63
47,50,45,72,87,67,68,66
51,45,44,77,88,73,79,70
52,44,49,76,79,73,91,73
50,51,49,83,80,63,92,71
46,55,49,86,91,62,88,71
48,52,48,84,83,61,89,66
47,53,50,84,79,60,83,66
56,57,47,83,90,56,71,63
57,52,43,71,90,57,73,65
63,46,46,71,95,59,76,65
63,59,53,69,98,62,93,79
59,61,59,64,99,68,94,79
50,62,58,69,90,75,92,84
48,67,60,72,89,79,96,92
39,67,59,68,71,76,98,91
45,59,53,71,68,72,86,85
49,56,45,72,69,61,84,83
50,50,47,71,75,60,82,73
53,49,45,74,73,61,84,70
55,49,50,72,72,67,88,76
53,53,58,75,72,72,108,82
54,58,58,73,73,77,125,103
59,60,58,73,72,82,144,126
58,61,60,73,76,85,158,137
64,63,61,80,81,84,167,158
75,62,58,76,87,89,165,169
76,57,61,76,86,90,164,166
74,60,59,74,89,94,158,159
74,56,60,70,86,93,146,151
69,53,59,65,83,97,133,126
56,48,56,71,82,94,119,106
50,48,52,71,78,90,108,94
49,48,52,68,72,84,95,78
46,48,50,68,75,81,87,68
43,50,45,74,76,75,86,68
43,53,47,68,75,71,82,62
50,54,47,70,75,76,73,59
49,49,48,73,79,70,70,60
52,48,50,73,77,69,66,57
61,52,58,68,85,66,62,55
64,50,59,74,84,68,61,59
63,56,64,77,86,62,63,60
63,57,65,77,82,64,62,62
61,60,66,80,86,62,60,67
58,58,59,79,77,67,56,64
54,57,59,75,76,68,54,62
58,59,50,73,78,70,53,58
62,59,53,73,77,70,50,54
60,60,55,79,82,73,54,52
58,57,54,74,77,68,54,54
59,57,55,71,75,64,54,51
51,46,57,70,73,64,54,51
48,47,54,67,75,62,57,48
49,43,50,65,78,59,59,47
49,46,49,73,78,62,61,47
48,48,48,73,75,62,62,49
47,48,49,71,71,59,60,51
44,46,51,73,74,60,59,55
45,49,52,64,58,56,54,51
42,49,56,56,60,54,56,51
43,47,52,56,64,54,54,50
42,51,53,60,69,57,55,49
45,55,50,65,64,55,56,47
44,53,51,68,70,59,57,49
43,55,49,78,91,62,56,53
44,55,51,77,88,65,55,52
44,53,52,79,93,65,59,53
47,52,55,76,95,65,59,57
48,51,53,81,94,64,62,58
49,49,55,75,77,59,62,57
47,53,56,75,84,59,64,62
48,55,57,75,77,54,58,60
44,56,55,78,81,50,56,60
44,60,58,77,77,52,55,61
46,57,56,76,77,53,52,61
49,56,57,76,71,64,55,57
54,53,55,75,71,61,57,58
51,49,53,69,63,63,54,55
51,47,53,67,75,64,58,51
49,49,51,64,73,66,61,47
47,51,51,65,71,57,56,47
39,51,50,57,66,57,54,49
